#    n         h                k                l
     1  -0.28566759E+00   0.00000000E+00   0.10358232E+00
     2  -0.99079949E+00  -0.30516104E+00   0.23286695E-01
     3  -0.10499631E+01  -0.19585733E+00   0.69892136E-01
     4  -0.10526477E+01  -0.13352284E+00   0.58670467E-01
     5  -0.10855918E+01  -0.10456531E+00   0.46165153E-01
     6  -0.11431163E+01  -0.90184841E-01   0.38586926E-01
     7  -0.12116273E+01  -0.81906787E-01   0.34198827E-01
     8  -0.12831157E+01  -0.76379141E-01   0.31474998E-01
     9  -0.13538554E+01  -0.72250183E-01   0.29624407E-01
    10  -0.14223516E+01  -0.68934145E-01   0.28273961E-01
    11  -0.14881117E+01  -0.66147992E-01   0.27242278E-01
    12  -0.15510428E+01  -0.63736253E-01   0.26431124E-01
    13  -0.16111895E+01  -0.61602870E-01   0.25779507E-01
    14  -0.16686329E+01  -0.59683159E-01   0.25245139E-01
    15  -0.17234569E+01  -0.57931180E-01   0.24796803E-01
    16  -0.17757418E+01  -0.56313294E-01   0.24410861E-01
    17  -0.18255646E+01  -0.54804452E-01   0.24069336E-01
    18  -0.18730019E+01  -0.53385807E-01   0.23758645E-01
    19  -0.19181321E+01  -0.52043088E-01   0.23468646E-01
    20  -0.19610366E+01  -0.50765423E-01   0.23191893E-01
    21  -0.20018000E+01  -0.49544487E-01   0.22923032E-01
    22  -0.20405101E+01  -0.48373866E-01   0.22658321E-01
    23  -0.20772571E+01  -0.47248575E-01   0.22395242E-01
    24  -0.21121328E+01  -0.46164708E-01   0.22132200E-01
    25  -0.21452296E+01  -0.45119160E-01   0.21868280E-01
    26  -0.21766398E+01  -0.44109431E-01   0.21603063E-01
    27  -0.22064546E+01  -0.43133464E-01   0.21336479E-01
    28  -0.22347634E+01  -0.42189540E-01   0.21068700E-01
    29  -0.22616531E+01  -0.41276184E-01   0.20800053E-01
    30  -0.22872080E+01  -0.40392105E-01   0.20530962E-01
    31  -0.23115088E+01  -0.39536148E-01   0.20261897E-01
    32  -0.23346328E+01  -0.38707260E-01   0.19993346E-01
    33  -0.23566536E+01  -0.37904463E-01   0.19725790E-01
    34  -0.23776409E+01  -0.37126837E-01   0.19459686E-01
    35  -0.23976605E+01  -0.36373510E-01   0.19195459E-01
    36  -0.24167746E+01  -0.35643644E-01   0.18933494E-01
    37  -0.24350414E+01  -0.34936432E-01   0.18674136E-01
    38  -0.24525156E+01  -0.34251094E-01   0.18417687E-01
    39  -0.24692484E+01  -0.33586873E-01   0.18164407E-01
    40  -0.24852876E+01  -0.32943035E-01   0.17914518E-01
    41  -0.25006779E+01  -0.32318866E-01   0.17668203E-01
    42  -0.25154609E+01  -0.31713675E-01   0.17425613E-01
    43  -0.25296755E+01  -0.31126789E-01   0.17186866E-01
    44  -0.25433577E+01  -0.30557557E-01   0.16952053E-01
    45  -0.25565412E+01  -0.30005347E-01   0.16721240E-01
    46  -0.25692574E+01  -0.29469547E-01   0.16494470E-01
    47  -0.25815353E+01  -0.28949568E-01   0.16271769E-01
    48  -0.25934022E+01  -0.28444838E-01   0.16053144E-01
    49  -0.26048833E+01  -0.27954806E-01   0.15838586E-01
    50  -0.26160021E+01  -0.27478940E-01   0.15628077E-01
    51  -0.26267805E+01  -0.27016729E-01   0.15421585E-01
    52  -0.26372389E+01  -0.26567679E-01   0.15219071E-01
    53  -0.26473964E+01  -0.26131317E-01   0.15020486E-01
    54  -0.26572706E+01  -0.25707185E-01   0.14825779E-01
    55  -0.26668781E+01  -0.25294846E-01   0.14634888E-01
    56  -0.26762345E+01  -0.24893877E-01   0.14447752E-01
    57  -0.26853540E+01  -0.24503874E-01   0.14264303E-01
    58  -0.26942503E+01  -0.24124449E-01   0.14084474E-01
    59  -0.27029358E+01  -0.23755228E-01   0.13908192E-01
    60  -0.27114225E+01  -0.23395852E-01   0.13735386E-01
    61  -0.27197214E+01  -0.23045980E-01   0.13565983E-01
    62  -0.27278428E+01  -0.22705280E-01   0.13399909E-01
    63  -0.27357965E+01  -0.22373437E-01   0.13237092E-01
    64  -0.27435916E+01  -0.22050147E-01   0.13077458E-01
    65  -0.27512366E+01  -0.21735119E-01   0.12920935E-01
    66  -0.27587397E+01  -0.21428073E-01   0.12767451E-01
    67  -0.27661083E+01  -0.21128742E-01   0.12616936E-01
    68  -0.27733496E+01  -0.20836869E-01   0.12469319E-01
    69  -0.27804703E+01  -0.20552206E-01   0.12324532E-01
    70  -0.27874767E+01  -0.20274516E-01   0.12182508E-01
    71  -0.27943748E+01  -0.20003572E-01   0.12043181E-01
    72  -0.28011702E+01  -0.19739156E-01   0.11906487E-01
    73  -0.28078682E+01  -0.19481058E-01   0.11772362E-01
    74  -0.28144738E+01  -0.19229076E-01   0.11640746E-01
    75  -0.28209918E+01  -0.18983017E-01   0.11511578E-01
    76  -0.28274266E+01  -0.18742695E-01   0.11384799E-01
    77  -0.28337824E+01  -0.18507931E-01   0.11260352E-01
    78  -0.28400633E+01  -0.18278553E-01   0.11138183E-01
    79  -0.28462730E+01  -0.18054395E-01   0.11018236E-01
    80  -0.28524152E+01  -0.17835300E-01   0.10900460E-01
    81  -0.28584932E+01  -0.17621113E-01   0.10784802E-01
    82  -0.28645103E+01  -0.17411688E-01   0.10671213E-01
    83  -0.28704696E+01  -0.17206882E-01   0.10559645E-01
    84  -0.28763739E+01  -0.17006560E-01   0.10450051E-01
    85  -0.28822260E+01  -0.16810590E-01   0.10342384E-01
    86  -0.28880285E+01  -0.16618845E-01   0.10236599E-01
    87  -0.28937839E+01  -0.16431203E-01   0.10132655E-01
    88  -0.28994945E+01  -0.16247547E-01   0.10030508E-01
    89  -0.29051627E+01  -0.16067762E-01   0.99301169E-02
    90  -0.29107905E+01  -0.15891741E-01   0.98314429E-02
    91  -0.29163799E+01  -0.15719376E-01   0.97344467E-02
    92  -0.29219330E+01  -0.15550567E-01   0.96390907E-02
    93  -0.29274514E+01  -0.15385215E-01   0.95453383E-02
    94  -0.29329370E+01  -0.15223225E-01   0.94531538E-02
    95  -0.29383913E+01  -0.15064506E-01   0.93625026E-02
    96  -0.29438161E+01  -0.14908968E-01   0.92733509E-02
    97  -0.29492127E+01  -0.14756526E-01   0.91856660E-02
    98  -0.29545826E+01  -0.14607099E-01   0.90994159E-02
    99  -0.29599272E+01  -0.14460604E-01   0.90145695E-02
   100  -0.29652476E+01  -0.14316967E-01   0.89310967E-02
   101  -0.29705453E+01  -0.14176111E-01   0.88489681E-02
   102  -0.29758213E+01  -0.14037965E-01   0.87681548E-02
   103  -0.29810767E+01  -0.13902458E-01   0.86886292E-02
   104  -0.29863125E+01  -0.13769523E-01   0.86103640E-02
   105  -0.29915299E+01  -0.13639094E-01   0.85333328E-02
   106  -0.29967298E+01  -0.13511108E-01   0.84575097E-02
   107  -0.30019129E+01  -0.13385503E-01   0.83828699E-02
   108  -0.30070803E+01  -0.13262220E-01   0.83093886E-02
   109  -0.30122328E+01  -0.13141201E-01   0.82370423E-02
   110  -0.30173710E+01  -0.13022390E-01   0.81658076E-02
   111  -0.30224958E+01  -0.12905734E-01   0.80956619E-02
   112  -0.30276079E+01  -0.12791179E-01   0.80265832E-02
   113  -0.30327080E+01  -0.12678675E-01   0.79585500E-02
   114  -0.30377966E+01  -0.12568172E-01   0.78915413E-02
   115  -0.30428744E+01  -0.12459622E-01   0.78255367E-02
   116  -0.30479420E+01  -0.12352979E-01   0.77605163E-02
   117  -0.30529999E+01  -0.12248198E-01   0.76964606E-02
   118  -0.30580486E+01  -0.12145235E-01   0.76333507E-02
   119  -0.30630887E+01  -0.12044048E-01   0.75711680E-02
   120  -0.30681205E+01  -0.11944594E-01   0.75098946E-02
   121  -0.30731446E+01  -0.11846835E-01   0.74495128E-02
   122  -0.30781614E+01  -0.11750732E-01   0.73900054E-02
   123  -0.30831713E+01  -0.11656245E-01   0.73313557E-02
   124  -0.30881747E+01  -0.11563340E-01   0.72735474E-02
   125  -0.30931718E+01  -0.11471980E-01   0.72165644E-02
   126  -0.30981632E+01  -0.11382130E-01   0.71603911E-02
   127  -0.31031490E+01  -0.11293757E-01   0.71050124E-02
   128  -0.31081296E+01  -0.11206828E-01   0.70504134E-02
   129  -0.31131054E+01  -0.11121311E-01   0.69965795E-02
   130  -0.31180765E+01  -0.11037175E-01   0.69434967E-02
   131  -0.31230433E+01  -0.10954391E-01   0.68911509E-02
   132  -0.31280059E+01  -0.10872928E-01   0.68395288E-02
   133  -0.31329647E+01  -0.10792758E-01   0.67886171E-02
   134  -0.31379199E+01  -0.10713853E-01   0.67384029E-02
   135  -0.31428716E+01  -0.10636187E-01   0.66888735E-02
   136  -0.31478201E+01  -0.10559733E-01   0.66400168E-02
   137  -0.31527656E+01  -0.10484466E-01   0.65918206E-02
   138  -0.31577082E+01  -0.10410360E-01   0.65442732E-02
   139  -0.31626481E+01  -0.10337392E-01   0.64973631E-02
   140  -0.31675855E+01  -0.10265537E-01   0.64510790E-02
   141  -0.31725205E+01  -0.10194773E-01   0.64054099E-02
   142  -0.31774533E+01  -0.10125078E-01   0.63603452E-02
   143  -0.31823840E+01  -0.10056429E-01   0.63158742E-02
   144  -0.31873127E+01  -0.99888045E-02   0.62719868E-02
   145  -0.31922396E+01  -0.99221850E-02   0.62286729E-02
   146  -0.31971648E+01  -0.98565496E-02   0.61859227E-02
   147  -0.32020883E+01  -0.97918788E-02   0.61437265E-02
   148  -0.32070102E+01  -0.97281532E-02   0.61020749E-02
   149  -0.32119308E+01  -0.96653542E-02   0.60609589E-02
   150  -0.32168500E+01  -0.96034635E-02   0.60203693E-02
   151  -0.32217679E+01  -0.95424633E-02   0.59802974E-02
   152  -0.32266847E+01  -0.94823362E-02   0.59407346E-02
   153  -0.32316003E+01  -0.94230652E-02   0.59016724E-02
   154  -0.32365149E+01  -0.93646338E-02   0.58631026E-02
   155  -0.32414284E+01  -0.93070259E-02   0.58250172E-02
   156  -0.32463411E+01  -0.92502257E-02   0.57874081E-02
   157  -0.32512529E+01  -0.91942178E-02   0.57502678E-02
   158  -0.32561639E+01  -0.91389873E-02   0.57135886E-02
   159  -0.32610741E+01  -0.90845194E-02   0.56773630E-02
   160  -0.32659835E+01  -0.90308000E-02   0.56415839E-02
   161  -0.32708923E+01  -0.89778149E-02   0.56062442E-02
   162  -0.32758004E+01  -0.89255506E-02   0.55713368E-02
   163  -0.32807079E+01  -0.88739938E-02   0.55368550E-02
   164  -0.32856148E+01  -0.88231314E-02   0.55027920E-02
   165  -0.32905211E+01  -0.87729507E-02   0.54691413E-02
   166  -0.32954269E+01  -0.87234394E-02   0.54358966E-02
   167  -0.33003322E+01  -0.86745852E-02   0.54030515E-02
   168  -0.33052370E+01  -0.86263763E-02   0.53705998E-02
   169  -0.33101414E+01  -0.85788012E-02   0.53385356E-02
   170  -0.33150452E+01  -0.85318484E-02   0.53068529E-02
   171  -0.33199486E+01  -0.84855070E-02   0.52755459E-02
   172  -0.33248516E+01  -0.84397661E-02   0.52446089E-02
   173  -0.33297541E+01  -0.83946150E-02   0.52140364E-02
   174  -0.33346563E+01  -0.83500435E-02   0.51838229E-02
   175  -0.33395580E+01  -0.83060415E-02   0.51539630E-02
   176  -0.33444593E+01  -0.82625990E-02   0.51244515E-02
   177  -0.33493602E+01  -0.82197063E-02   0.50952833E-02
   178  -0.33542607E+01  -0.81773539E-02   0.50664532E-02
   179  -0.33591609E+01  -0.81355327E-02   0.50379563E-02
   180  -0.33640606E+01  -0.80942335E-02   0.50097879E-02
   181  -0.33689599E+01  -0.80534474E-02   0.49819430E-02
   182  -0.33738588E+01  -0.80131658E-02   0.49544170E-02
   183  -0.33787572E+01  -0.79733801E-02   0.49272053E-02
   184  -0.33836553E+01  -0.79340821E-02   0.49003034E-02
   185  -0.33885529E+01  -0.78952635E-02   0.48737069E-02
   186  -0.33934501E+01  -0.78569164E-02   0.48474114E-02
   187  -0.33983469E+01  -0.78190330E-02   0.48214127E-02
   188  -0.34032432E+01  -0.77816057E-02   0.47957066E-02
   189  -0.34081390E+01  -0.77446269E-02   0.47702889E-02
   190  -0.34130344E+01  -0.77080893E-02   0.47451557E-02
   191  -0.34179292E+01  -0.76719857E-02   0.47203030E-02
   192  -0.34228236E+01  -0.76363091E-02   0.46957268E-02
   193  -0.34277174E+01  -0.76010526E-02   0.46714235E-02
   194  -0.34326107E+01  -0.75662095E-02   0.46473891E-02
   195  -0.34375035E+01  -0.75317730E-02   0.46236200E-02
   196  -0.34423957E+01  -0.74977367E-02   0.46001126E-02
   197  -0.34472873E+01  -0.74640943E-02   0.45768634E-02
   198  -0.34521783E+01  -0.74308395E-02   0.45538688E-02
   199  -0.34570687E+01  -0.73979662E-02   0.45311254E-02
   200  -0.34619585E+01  -0.73654685E-02   0.45086298E-02
   201  -0.34668476E+01  -0.73333403E-02   0.44863788E-02
   202  -0.34717360E+01  -0.73015761E-02   0.44643689E-02
   203  -0.34766237E+01  -0.72701701E-02   0.44425971E-02
   204  -0.34815107E+01  -0.72391168E-02   0.44210601E-02
   205  -0.34863970E+01  -0.72084108E-02   0.43997550E-02
   206  -0.34912825E+01  -0.71780467E-02   0.43786785E-02
   207  -0.34961672E+01  -0.71480193E-02   0.43578278E-02
   208  -0.35010512E+01  -0.71183236E-02   0.43371999E-02
   209  -0.35059343E+01  -0.70889544E-02   0.43167918E-02
   210  -0.35108165E+01  -0.70599068E-02   0.42966008E-02
   211  -0.35156979E+01  -0.70311760E-02   0.42766239E-02
   212  -0.35205784E+01  -0.70027573E-02   0.42568586E-02
   213  -0.35254580E+01  -0.69746460E-02   0.42373019E-02
   214  -0.35303366E+01  -0.69468375E-02   0.42179514E-02
   215  -0.35352143E+01  -0.69193272E-02   0.41988043E-02
   216  -0.35400909E+01  -0.68921109E-02   0.41798580E-02
   217  -0.35449666E+01  -0.68651842E-02   0.41611101E-02
   218  -0.35498412E+01  -0.68385428E-02   0.41425580E-02
   219  -0.35547147E+01  -0.68121826E-02   0.41241992E-02
   220  -0.35595871E+01  -0.67860995E-02   0.41060313E-02
   221  -0.35644584E+01  -0.67602894E-02   0.40880520E-02
   222  -0.35693286E+01  -0.67347484E-02   0.40702588E-02
   223  -0.35741976E+01  -0.67094726E-02   0.40526495E-02
   224  -0.35790654E+01  -0.66844583E-02   0.40352217E-02
   225  -0.35839320E+01  -0.66597016E-02   0.40179733E-02
   226  -0.35887973E+01  -0.66351989E-02   0.40009020E-02
   227  -0.35936613E+01  -0.66109466E-02   0.39840057E-02
   228  -0.35985240E+01  -0.65869411E-02   0.39672821E-02
   229  -0.36033854E+01  -0.65631791E-02   0.39507293E-02
   230  -0.36082455E+01  -0.65396569E-02   0.39343450E-02
   231  -0.36131041E+01  -0.65163713E-02   0.39181273E-02
   232  -0.36179613E+01  -0.64933190E-02   0.39020742E-02
   233  -0.36228171E+01  -0.64704966E-02   0.38861836E-02
   234  -0.36276714E+01  -0.64479012E-02   0.38704536E-02
   235  -0.36325242E+01  -0.64255293E-02   0.38548822E-02
   236  -0.36373754E+01  -0.64033781E-02   0.38394677E-02
   237  -0.36422252E+01  -0.63814445E-02   0.38242080E-02
   238  -0.36470733E+01  -0.63597254E-02   0.38091013E-02
   239  -0.36519198E+01  -0.63382179E-02   0.37941458E-02
   240  -0.36567647E+01  -0.63169193E-02   0.37793398E-02
   241  -0.36616079E+01  -0.62958265E-02   0.37646814E-02
   242  -0.36664494E+01  -0.62749370E-02   0.37501690E-02
   243  -0.36712891E+01  -0.62542478E-02   0.37358007E-02
   244  -0.36761271E+01  -0.62337563E-02   0.37215749E-02
   245  -0.36809634E+01  -0.62134599E-02   0.37074899E-02
   246  -0.36857978E+01  -0.61933559E-02   0.36935441E-02
   247  -0.36906303E+01  -0.61734419E-02   0.36797359E-02
   248  -0.36954610E+01  -0.61537152E-02   0.36660636E-02
   249  -0.37002898E+01  -0.61341734E-02   0.36525257E-02
   250  -0.37051167E+01  -0.61148140E-02   0.36391206E-02
   251  -0.37099416E+01  -0.60956346E-02   0.36258468E-02
   252  -0.37147645E+01  -0.60766330E-02   0.36127027E-02
   253  -0.37195854E+01  -0.60578067E-02   0.35996869E-02
   254  -0.37244043E+01  -0.60391534E-02   0.35867979E-02
   255  -0.37292211E+01  -0.60206710E-02   0.35740342E-02
   256  -0.37340357E+01  -0.60023572E-02   0.35613944E-02
   257  -0.37388483E+01  -0.59842098E-02   0.35488772E-02
   258  -0.37436587E+01  -0.59662266E-02   0.35364810E-02
   259  -0.37484669E+01  -0.59484056E-02   0.35242045E-02
   260  -0.37532729E+01  -0.59307447E-02   0.35120464E-02
   261  -0.37580766E+01  -0.59132419E-02   0.35000053E-02
   262  -0.37628780E+01  -0.58958950E-02   0.34880799E-02
   263  -0.37676772E+01  -0.58787022E-02   0.34762689E-02
   264  -0.37724740E+01  -0.58616614E-02   0.34645710E-02
   265  -0.37772685E+01  -0.58447709E-02   0.34529849E-02
   266  -0.37820605E+01  -0.58280285E-02   0.34415093E-02
   267  -0.37868501E+01  -0.58114326E-02   0.34301431E-02
   268  -0.37916373E+01  -0.57949812E-02   0.34188851E-02
   269  -0.37964220E+01  -0.57786726E-02   0.34077339E-02
   270  -0.38012042E+01  -0.57625050E-02   0.33966884E-02
   271  -0.38059839E+01  -0.57464766E-02   0.33857475E-02
   272  -0.38107610E+01  -0.57305857E-02   0.33749099E-02
   273  -0.38155355E+01  -0.57148305E-02   0.33641746E-02
   274  -0.38203074E+01  -0.56992095E-02   0.33535404E-02
   275  -0.38250766E+01  -0.56837210E-02   0.33430061E-02
   276  -0.38298432E+01  -0.56683633E-02   0.33325707E-02
   277  -0.38346070E+01  -0.56531348E-02   0.33222331E-02
   278  -0.38393682E+01  -0.56380340E-02   0.33119922E-02
   279  -0.38441265E+01  -0.56230593E-02   0.33018470E-02
   280  -0.38488821E+01  -0.56082092E-02   0.32917964E-02
   281  -0.38536348E+01  -0.55934822E-02   0.32818393E-02
   282  -0.38583847E+01  -0.55788767E-02   0.32719748E-02
   283  -0.38631317E+01  -0.55643913E-02   0.32622018E-02
   284  -0.38678759E+01  -0.55500246E-02   0.32525193E-02
   285  -0.38726170E+01  -0.55357752E-02   0.32429264E-02
   286  -0.38773553E+01  -0.55216416E-02   0.32334221E-02
   287  -0.38820905E+01  -0.55076224E-02   0.32240054E-02
   288  -0.38868227E+01  -0.54937164E-02   0.32146753E-02
   289  -0.38915519E+01  -0.54799221E-02   0.32054310E-02
   290  -0.38962780E+01  -0.54662383E-02   0.31962715E-02
   291  -0.39010010E+01  -0.54526635E-02   0.31871958E-02
   292  -0.39057209E+01  -0.54391967E-02   0.31782032E-02
   293  -0.39104377E+01  -0.54258363E-02   0.31692926E-02
   294  -0.39151512E+01  -0.54125813E-02   0.31604632E-02
   295  -0.39198616E+01  -0.53994305E-02   0.31517142E-02
   296  -0.39245687E+01  -0.53863824E-02   0.31430446E-02
   297  -0.39292725E+01  -0.53734361E-02   0.31344537E-02
   298  -0.39339731E+01  -0.53605902E-02   0.31259405E-02
   299  -0.39386704E+01  -0.53478437E-02   0.31175043E-02
   300  -0.39433643E+01  -0.53351954E-02   0.31091442E-02
   301  -0.39480548E+01  -0.53226441E-02   0.31008594E-02
   302  -0.39527420E+01  -0.53101888E-02   0.30926491E-02
   303  -0.39574257E+01  -0.52978283E-02   0.30845126E-02
   304  -0.39621060E+01  -0.52855615E-02   0.30764490E-02
   305  -0.39667828E+01  -0.52733874E-02   0.30684575E-02
   306  -0.39714561E+01  -0.52613050E-02   0.30605375E-02
   307  -0.39761259E+01  -0.52493131E-02   0.30526881E-02
   308  -0.39807921E+01  -0.52374107E-02   0.30449085E-02
   309  -0.39854548E+01  -0.52255969E-02   0.30371982E-02
   310  -0.39901138E+01  -0.52138707E-02   0.30295562E-02
   311  -0.39947693E+01  -0.52022310E-02   0.30219820E-02
   312  -0.39994210E+01  -0.51906768E-02   0.30144747E-02
   313  -0.40040691E+01  -0.51792073E-02   0.30070337E-02
   314  -0.40087135E+01  -0.51678215E-02   0.29996584E-02
   315  -0.40133542E+01  -0.51565183E-02   0.29923479E-02
   316  -0.40179911E+01  -0.51452970E-02   0.29851016E-02
   317  -0.40226242E+01  -0.51341566E-02   0.29779189E-02
   318  -0.40272535E+01  -0.51230962E-02   0.29707990E-02
   319  -0.40318790E+01  -0.51121150E-02   0.29637414E-02
   320  -0.40365006E+01  -0.51012119E-02   0.29567453E-02
   321  -0.40411184E+01  -0.50903863E-02   0.29498101E-02
   322  -0.40457322E+01  -0.50796372E-02   0.29429353E-02
   323  -0.40503421E+01  -0.50689638E-02   0.29361201E-02
   324  -0.40549481E+01  -0.50583652E-02   0.29293639E-02
   325  -0.40595501E+01  -0.50478407E-02   0.29226662E-02
   326  -0.40641480E+01  -0.50373894E-02   0.29160263E-02
   327  -0.40687420E+01  -0.50270106E-02   0.29094435E-02
   328  -0.40733319E+01  -0.50167034E-02   0.29029174E-02
   329  -0.40779177E+01  -0.50064671E-02   0.28964474E-02
   330  -0.40824995E+01  -0.49963009E-02   0.28900327E-02
   331  -0.40870771E+01  -0.49862041E-02   0.28836730E-02
   332  -0.40916505E+01  -0.49761758E-02   0.28773676E-02
   333  -0.40962198E+01  -0.49662155E-02   0.28711159E-02
   334  -0.41007850E+01  -0.49563223E-02   0.28649173E-02
   335  -0.41053459E+01  -0.49464955E-02   0.28587715E-02
   336  -0.41099025E+01  -0.49367344E-02   0.28526777E-02
   337  -0.41144549E+01  -0.49270384E-02   0.28466354E-02
   338  -0.41190030E+01  -0.49174066E-02   0.28406442E-02
   339  -0.41235469E+01  -0.49078386E-02   0.28347035E-02
   340  -0.41280863E+01  -0.48983335E-02   0.28288128E-02
   341  -0.41326215E+01  -0.48888907E-02   0.28229715E-02
   342  -0.41371523E+01  -0.48795095E-02   0.28171792E-02
   343  -0.41416786E+01  -0.48701893E-02   0.28114353E-02
   344  -0.41462006E+01  -0.48609295E-02   0.28057394E-02
   345  -0.41507181E+01  -0.48517295E-02   0.28000909E-02
   346  -0.41552312E+01  -0.48425885E-02   0.27944894E-02
   347  -0.41597397E+01  -0.48335060E-02   0.27889344E-02
   348  -0.41642438E+01  -0.48244814E-02   0.27834254E-02
   349  -0.41687434E+01  -0.48155141E-02   0.27779620E-02
   350  -0.41732384E+01  -0.48066034E-02   0.27725436E-02
   351  -0.41777288E+01  -0.47977488E-02   0.27671698E-02
   352  -0.41822147E+01  -0.47889498E-02   0.27618402E-02
   353  -0.41866959E+01  -0.47802057E-02   0.27565543E-02
   354  -0.41911725E+01  -0.47715160E-02   0.27513117E-02
   355  -0.41956445E+01  -0.47628800E-02   0.27461118E-02
   356  -0.42001118E+01  -0.47542974E-02   0.27409544E-02
   357  -0.42045744E+01  -0.47457675E-02   0.27358388E-02
   358  -0.42090323E+01  -0.47372897E-02   0.27307648E-02
   359  -0.42134854E+01  -0.47288636E-02   0.27257319E-02
   360  -0.42179338E+01  -0.47204886E-02   0.27207397E-02
   361  -0.42223775E+01  -0.47121643E-02   0.27157877E-02
   362  -0.42268163E+01  -0.47038900E-02   0.27108756E-02
   363  -0.42312503E+01  -0.46956653E-02   0.27060029E-02
   364  -0.42356795E+01  -0.46874897E-02   0.27011692E-02
   365  -0.42401039E+01  -0.46793627E-02   0.26963742E-02
   366  -0.42445234E+01  -0.46712838E-02   0.26916175E-02
   367  -0.42489380E+01  -0.46632526E-02   0.26868986E-02
   368  -0.42533476E+01  -0.46552684E-02   0.26822172E-02
   369  -0.42577524E+01  -0.46473310E-02   0.26775728E-02
   370  -0.42621522E+01  -0.46394397E-02   0.26729652E-02
   371  -0.42665470E+01  -0.46315942E-02   0.26683940E-02
   372  -0.42709369E+01  -0.46237940E-02   0.26638587E-02
   373  -0.42753218E+01  -0.46160387E-02   0.26593590E-02
   374  -0.42797016E+01  -0.46083277E-02   0.26548946E-02
   375  -0.42840764E+01  -0.46006607E-02   0.26504651E-02
   376  -0.42884462E+01  -0.45930373E-02   0.26460701E-02
   377  -0.42928108E+01  -0.45854569E-02   0.26417093E-02
   378  -0.42971704E+01  -0.45779192E-02   0.26373823E-02
   379  -0.43015249E+01  -0.45704238E-02   0.26330888E-02
   380  -0.43058742E+01  -0.45629702E-02   0.26288285E-02
   381  -0.43102184E+01  -0.45555581E-02   0.26246011E-02
   382  -0.43145575E+01  -0.45481870E-02   0.26204061E-02
   383  -0.43188914E+01  -0.45408565E-02   0.26162432E-02
   384  -0.43232200E+01  -0.45335663E-02   0.26121122E-02
   385  -0.43275435E+01  -0.45263159E-02   0.26080128E-02
   386  -0.43318617E+01  -0.45191050E-02   0.26039445E-02
   387  -0.43361747E+01  -0.45119331E-02   0.25999071E-02
   388  -0.43404824E+01  -0.45048000E-02   0.25959002E-02
   389  -0.43447848E+01  -0.44977052E-02   0.25919236E-02
   390  -0.43490820E+01  -0.44906484E-02   0.25879770E-02
   391  -0.43533738E+01  -0.44836292E-02   0.25840600E-02
   392  -0.43576603E+01  -0.44766472E-02   0.25801724E-02
   393  -0.43619414E+01  -0.44697021E-02   0.25763138E-02
   394  -0.43662172E+01  -0.44627935E-02   0.25724840E-02
   395  -0.43704876E+01  -0.44559212E-02   0.25686827E-02
   396  -0.43747527E+01  -0.44490846E-02   0.25649095E-02
   397  -0.43790123E+01  -0.44422836E-02   0.25611642E-02
   398  -0.43832665E+01  -0.44355178E-02   0.25574466E-02
   399  -0.43875152E+01  -0.44287868E-02   0.25537563E-02
   400  -0.43917586E+01  -0.44220903E-02   0.25500930E-02
   401  -0.43959964E+01  -0.44154280E-02   0.25464565E-02
   402  -0.44002288E+01  -0.44087995E-02   0.25428466E-02
   403  -0.44044556E+01  -0.44022046E-02   0.25392629E-02
   404  -0.44086770E+01  -0.43956430E-02   0.25357051E-02
   405  -0.44128928E+01  -0.43891142E-02   0.25321731E-02
   406  -0.44171031E+01  -0.43826181E-02   0.25286666E-02
   407  -0.44213078E+01  -0.43761543E-02   0.25251852E-02
   408  -0.44255070E+01  -0.43697225E-02   0.25217289E-02
   409  -0.44297006E+01  -0.43633224E-02   0.25182972E-02
   410  -0.44338886E+01  -0.43569537E-02   0.25148899E-02
   411  -0.44380709E+01  -0.43506162E-02   0.25115069E-02
   412  -0.44422477E+01  -0.43443095E-02   0.25081478E-02
   413  -0.44464188E+01  -0.43380334E-02   0.25048125E-02
   414  -0.44505843E+01  -0.43317876E-02   0.25015006E-02
   415  -0.44547441E+01  -0.43255718E-02   0.24982119E-02
   416  -0.44588982E+01  -0.43193857E-02   0.24949463E-02
   417  -0.44630466E+01  -0.43132290E-02   0.24917034E-02
   418  -0.44671894E+01  -0.43071016E-02   0.24884831E-02
   419  -0.44713264E+01  -0.43010031E-02   0.24852851E-02
   420  -0.44754577E+01  -0.42949332E-02   0.24821092E-02
   421  -0.44795832E+01  -0.42888918E-02   0.24789551E-02
   422  -0.44837030E+01  -0.42828785E-02   0.24758227E-02
   423  -0.44878171E+01  -0.42768931E-02   0.24727118E-02
   424  -0.44919253E+01  -0.42709353E-02   0.24696220E-02
   425  -0.44960278E+01  -0.42650050E-02   0.24665532E-02
   426  -0.45001245E+01  -0.42591017E-02   0.24635053E-02
   427  -0.45042153E+01  -0.42532254E-02   0.24604778E-02
   428  -0.45083003E+01  -0.42473758E-02   0.24574708E-02
   429  -0.45123795E+01  -0.42415526E-02   0.24544839E-02
   430  -0.45164529E+01  -0.42357555E-02   0.24515170E-02
   431  -0.45205204E+01  -0.42299844E-02   0.24485699E-02
   432  -0.45245820E+01  -0.42242391E-02   0.24456423E-02
   433  -0.45286377E+01  -0.42185193E-02   0.24427340E-02
   434  -0.45326876E+01  -0.42128247E-02   0.24398450E-02
   435  -0.45367315E+01  -0.42071552E-02   0.24369749E-02
   436  -0.45407695E+01  -0.42015105E-02   0.24341235E-02
   437  -0.45448016E+01  -0.41958904E-02   0.24312908E-02
   438  -0.45488278E+01  -0.41902947E-02   0.24284765E-02
   439  -0.45528480E+01  -0.41847233E-02   0.24256804E-02
   440  -0.45568623E+01  -0.41791757E-02   0.24229023E-02
   441  -0.45608706E+01  -0.41736520E-02   0.24201420E-02
   442  -0.45648729E+01  -0.41681518E-02   0.24173995E-02
   443  -0.45688693E+01  -0.41626750E-02   0.24146744E-02
   444  -0.45728596E+01  -0.41572213E-02   0.24119666E-02
   445  -0.45768440E+01  -0.41517905E-02   0.24092760E-02
   446  -0.45808223E+01  -0.41463825E-02   0.24066023E-02
   447  -0.45847946E+01  -0.41409971E-02   0.24039454E-02
   448  -0.45887608E+01  -0.41356340E-02   0.24013051E-02
   449  -0.45927211E+01  -0.41302931E-02   0.23986813E-02
   450  -0.45966752E+01  -0.41249742E-02   0.23960738E-02
   451  -0.46006234E+01  -0.41196771E-02   0.23934824E-02
   452  -0.46045654E+01  -0.41144015E-02   0.23909070E-02
   453  -0.46085014E+01  -0.41091474E-02   0.23883473E-02
   454  -0.46124313E+01  -0.41039146E-02   0.23858033E-02
   455  -0.46163550E+01  -0.40987028E-02   0.23832748E-02
   456  -0.46202727E+01  -0.40935118E-02   0.23807615E-02
   457  -0.46241843E+01  -0.40883416E-02   0.23782635E-02
   458  -0.46280897E+01  -0.40831919E-02   0.23757804E-02
   459  -0.46319890E+01  -0.40780626E-02   0.23733122E-02
   460  -0.46358822E+01  -0.40729534E-02   0.23708588E-02
   461  -0.46397692E+01  -0.40678643E-02   0.23684198E-02
   462  -0.46436501E+01  -0.40627950E-02   0.23659953E-02
   463  -0.46475249E+01  -0.40577454E-02   0.23635851E-02
   464  -0.46513934E+01  -0.40527153E-02   0.23611889E-02
   465  -0.46552558E+01  -0.40477046E-02   0.23588068E-02
   466  -0.46591120E+01  -0.40427131E-02   0.23564384E-02
   467  -0.46629620E+01  -0.40377406E-02   0.23540838E-02
   468  -0.46668058E+01  -0.40327870E-02   0.23517427E-02
   469  -0.46706434E+01  -0.40278521E-02   0.23494150E-02
   470  -0.46744748E+01  -0.40229358E-02   0.23471006E-02
   471  -0.46783000E+01  -0.40180379E-02   0.23447994E-02
   472  -0.46821189E+01  -0.40131582E-02   0.23425111E-02
   473  -0.46859316E+01  -0.40082967E-02   0.23402357E-02
   474  -0.46897381E+01  -0.40034532E-02   0.23379731E-02
   475  -0.46935383E+01  -0.39986274E-02   0.23357231E-02
   476  -0.46973323E+01  -0.39938194E-02   0.23334855E-02
   477  -0.47011201E+01  -0.39890289E-02   0.23312604E-02
   478  -0.47049015E+01  -0.39842557E-02   0.23290474E-02
   479  -0.47086767E+01  -0.39794999E-02   0.23268466E-02
   480  -0.47124456E+01  -0.39747611E-02   0.23246577E-02
   481  -0.47162083E+01  -0.39700393E-02   0.23224807E-02
   482  -0.47199646E+01  -0.39653344E-02   0.23203154E-02
   483  -0.47237147E+01  -0.39606461E-02   0.23181618E-02
   484  -0.47274585E+01  -0.39559744E-02   0.23160196E-02
   485  -0.47311959E+01  -0.39513192E-02   0.23138889E-02
   486  -0.47349271E+01  -0.39466802E-02   0.23117694E-02
   487  -0.47386519E+01  -0.39420575E-02   0.23096610E-02
   488  -0.47423704E+01  -0.39374508E-02   0.23075637E-02
   489  -0.47460826E+01  -0.39328600E-02   0.23054773E-02
   490  -0.47497885E+01  -0.39282850E-02   0.23034017E-02
   491  -0.47534880E+01  -0.39237256E-02   0.23013368E-02
   492  -0.47571812E+01  -0.39191818E-02   0.22992825E-02
   493  -0.47608681E+01  -0.39146535E-02   0.22972386E-02
   494  -0.47645486E+01  -0.39101404E-02   0.22952052E-02
   495  -0.47682227E+01  -0.39056425E-02   0.22931820E-02
   496  -0.47718905E+01  -0.39011597E-02   0.22911690E-02
   497  -0.47755520E+01  -0.38966919E-02   0.22891660E-02
   498  -0.47792071E+01  -0.38922389E-02   0.22871729E-02
   499  -0.47828558E+01  -0.38878005E-02   0.22851898E-02
   500  -0.47864981E+01  -0.38833768E-02   0.22832163E-02
   501  -0.47901341E+01  -0.38789676E-02   0.22812525E-02
   502  -0.47937636E+01  -0.38745728E-02   0.22792983E-02
   503  -0.47973868E+01  -0.38701922E-02   0.22773535E-02
   504  -0.48010036E+01  -0.38658258E-02   0.22754180E-02
   505  -0.48046141E+01  -0.38614735E-02   0.22734918E-02
   506  -0.48082181E+01  -0.38571351E-02   0.22715748E-02
   507  -0.48118157E+01  -0.38528105E-02   0.22696668E-02
   508  -0.48154069E+01  -0.38484997E-02   0.22677678E-02
   509  -0.48189918E+01  -0.38442025E-02   0.22658777E-02
   510  -0.48225702E+01  -0.38399188E-02   0.22639964E-02
   511  -0.48261422E+01  -0.38356485E-02   0.22621237E-02
   512  -0.48297078E+01  -0.38313916E-02   0.22602597E-02
   513  -0.48332670E+01  -0.38271479E-02   0.22584041E-02
   514  -0.48368197E+01  -0.38229173E-02   0.22565570E-02
   515  -0.48403661E+01  -0.38186997E-02   0.22547183E-02
   516  -0.48439060E+01  -0.38144951E-02   0.22528877E-02
   517  -0.48474395E+01  -0.38103033E-02   0.22510654E-02
   518  -0.48509666E+01  -0.38061243E-02   0.22492511E-02
   519  -0.48544872E+01  -0.38019578E-02   0.22474448E-02
   520  -0.48580014E+01  -0.37978040E-02   0.22456465E-02
   521  -0.48615092E+01  -0.37936626E-02   0.22438560E-02
   522  -0.48650105E+01  -0.37895335E-02   0.22420732E-02
   523  -0.48685054E+01  -0.37854168E-02   0.22402981E-02
   524  -0.48719939E+01  -0.37813122E-02   0.22385305E-02
   525  -0.48754759E+01  -0.37772197E-02   0.22367705E-02
   526  -0.48789515E+01  -0.37731392E-02   0.22350179E-02
   527  -0.48824206E+01  -0.37690706E-02   0.22332727E-02
   528  -0.48858833E+01  -0.37650139E-02   0.22315347E-02
   529  -0.48893395E+01  -0.37609689E-02   0.22298040E-02
   530  -0.48927893E+01  -0.37569356E-02   0.22280804E-02
   531  -0.48962327E+01  -0.37529139E-02   0.22263638E-02
   532  -0.48996696E+01  -0.37489037E-02   0.22246542E-02
   533  -0.49031000E+01  -0.37449049E-02   0.22229515E-02
   534  -0.49065240E+01  -0.37409174E-02   0.22212556E-02
   535  -0.49099415E+01  -0.37369411E-02   0.22195665E-02
   536  -0.49133526E+01  -0.37329761E-02   0.22178841E-02
   537  -0.49167573E+01  -0.37290221E-02   0.22162082E-02
   538  -0.49201554E+01  -0.37250792E-02   0.22145390E-02
   539  -0.49235472E+01  -0.37211471E-02   0.22128762E-02
   540  -0.49269324E+01  -0.37172260E-02   0.22112198E-02
   541  -0.49303112E+01  -0.37133156E-02   0.22095698E-02
   542  -0.49336836E+01  -0.37094160E-02   0.22079261E-02
   543  -0.49370495E+01  -0.37055269E-02   0.22062885E-02
   544  -0.49404089E+01  -0.37016485E-02   0.22046571E-02
   545  -0.49437619E+01  -0.36977805E-02   0.22030318E-02
   546  -0.49471084E+01  -0.36939229E-02   0.22014125E-02
   547  -0.49504485E+01  -0.36900757E-02   0.21997991E-02
   548  -0.49537821E+01  -0.36862387E-02   0.21981917E-02
   549  -0.49571092E+01  -0.36824120E-02   0.21965901E-02
   550  -0.49604299E+01  -0.36785954E-02   0.21949942E-02
   551  -0.49637442E+01  -0.36747888E-02   0.21934040E-02
   552  -0.49670519E+01  -0.36709922E-02   0.21918195E-02
   553  -0.49703533E+01  -0.36672056E-02   0.21902406E-02
   554  -0.49736481E+01  -0.36634288E-02   0.21886671E-02
   555  -0.49769366E+01  -0.36596618E-02   0.21870992E-02
   556  -0.49802185E+01  -0.36559045E-02   0.21855366E-02
   557  -0.49834940E+01  -0.36521569E-02   0.21839795E-02
   558  -0.49867631E+01  -0.36484189E-02   0.21824276E-02
   559  -0.49900257E+01  -0.36446904E-02   0.21808809E-02
   560  -0.49932819E+01  -0.36409714E-02   0.21793394E-02
   561  -0.49965316E+01  -0.36372617E-02   0.21778031E-02
   562  -0.49997749E+01  -0.36335615E-02   0.21762718E-02
   563  -0.50030117E+01  -0.36298704E-02   0.21747455E-02
   564  -0.50062421E+01  -0.36261887E-02   0.21732242E-02
   565  -0.50094660E+01  -0.36225160E-02   0.21717078E-02
   566  -0.50126835E+01  -0.36188525E-02   0.21701963E-02
   567  -0.50158946E+01  -0.36151980E-02   0.21686895E-02
   568  -0.50190992E+01  -0.36115525E-02   0.21671876E-02
   569  -0.50222974E+01  -0.36079159E-02   0.21656903E-02
   570  -0.50254891E+01  -0.36042882E-02   0.21641977E-02
   571  -0.50286744E+01  -0.36006692E-02   0.21627096E-02
   572  -0.50318533E+01  -0.35970590E-02   0.21612262E-02
   573  -0.50350258E+01  -0.35934575E-02   0.21597472E-02
   574  -0.50381918E+01  -0.35898647E-02   0.21582727E-02
   575  -0.50413514E+01  -0.35862804E-02   0.21568026E-02
   576  -0.50445046E+01  -0.35827047E-02   0.21553369E-02
   577  -0.50476514E+01  -0.35791374E-02   0.21538755E-02
   578  -0.50507917E+01  -0.35755785E-02   0.21524183E-02
   579  -0.50539256E+01  -0.35720280E-02   0.21509654E-02
   580  -0.50570532E+01  -0.35684858E-02   0.21495166E-02
   581  -0.50601743E+01  -0.35649519E-02   0.21480720E-02
   582  -0.50632890E+01  -0.35614262E-02   0.21466315E-02
   583  -0.50663973E+01  -0.35579086E-02   0.21451950E-02
   584  -0.50694991E+01  -0.35543992E-02   0.21437625E-02
   585  -0.50725946E+01  -0.35508978E-02   0.21423339E-02
   586  -0.50756837E+01  -0.35474044E-02   0.21409093E-02
   587  -0.50787664E+01  -0.35439189E-02   0.21394885E-02
   588  -0.50818427E+01  -0.35404414E-02   0.21380716E-02
   589  -0.50849126E+01  -0.35369717E-02   0.21366585E-02
   590  -0.50879762E+01  -0.35335099E-02   0.21352491E-02
   591  -0.50910333E+01  -0.35300557E-02   0.21338434E-02
   592  -0.50940841E+01  -0.35266094E-02   0.21324413E-02
   593  -0.50971285E+01  -0.35231706E-02   0.21310429E-02
   594  -0.51001665E+01  -0.35197395E-02   0.21296481E-02
   595  -0.51031982E+01  -0.35163160E-02   0.21282569E-02
   596  -0.51062234E+01  -0.35129000E-02   0.21268691E-02
   597  -0.51092424E+01  -0.35094915E-02   0.21254848E-02
   598  -0.51122549E+01  -0.35060904E-02   0.21241039E-02
   599  -0.51152611E+01  -0.35026968E-02   0.21227265E-02
   600  -0.51182610E+01  -0.34993105E-02   0.21213524E-02
   601  -0.51212545E+01  -0.34959315E-02   0.21199816E-02
   602  -0.51242417E+01  -0.34925597E-02   0.21186141E-02
   603  -0.51272225E+01  -0.34891952E-02   0.21172498E-02
   604  -0.51301970E+01  -0.34858379E-02   0.21158888E-02
   605  -0.51331651E+01  -0.34824877E-02   0.21145309E-02
   606  -0.51361270E+01  -0.34791445E-02   0.21131762E-02
   607  -0.51390825E+01  -0.34758085E-02   0.21118246E-02
   608  -0.51420316E+01  -0.34724795E-02   0.21104761E-02
   609  -0.51449745E+01  -0.34691574E-02   0.21091306E-02
   610  -0.51479111E+01  -0.34658423E-02   0.21077881E-02
   611  -0.51508413E+01  -0.34625341E-02   0.21064486E-02
   612  -0.51537652E+01  -0.34592327E-02   0.21051120E-02
   613  -0.51566829E+01  -0.34559381E-02   0.21037784E-02
   614  -0.51595942E+01  -0.34526504E-02   0.21024476E-02
   615  -0.51624993E+01  -0.34493693E-02   0.21011196E-02
   616  -0.51653981E+01  -0.34460950E-02   0.20997945E-02
   617  -0.51682905E+01  -0.34428273E-02   0.20984722E-02
   618  -0.51711768E+01  -0.34395663E-02   0.20971526E-02
   619  -0.51740567E+01  -0.34363118E-02   0.20958358E-02
   620  -0.51769304E+01  -0.34330639E-02   0.20945216E-02
   621  -0.51797978E+01  -0.34298226E-02   0.20932101E-02
   622  -0.51826589E+01  -0.34265877E-02   0.20919012E-02
   623  -0.51855138E+01  -0.34233592E-02   0.20905950E-02
   624  -0.51883625E+01  -0.34201372E-02   0.20892913E-02
   625  -0.51912049E+01  -0.34169215E-02   0.20879902E-02
   626  -0.51940410E+01  -0.34137122E-02   0.20866915E-02
   627  -0.51968710E+01  -0.34105092E-02   0.20853954E-02
   628  -0.51996947E+01  -0.34073124E-02   0.20841018E-02
   629  -0.52025121E+01  -0.34041219E-02   0.20828105E-02
   630  -0.52053234E+01  -0.34009376E-02   0.20815217E-02
   631  -0.52081285E+01  -0.33977595E-02   0.20802353E-02
   632  -0.52109273E+01  -0.33945875E-02   0.20789512E-02
   633  -0.52137199E+01  -0.33914216E-02   0.20776695E-02
   634  -0.52165064E+01  -0.33882618E-02   0.20763900E-02
   635  -0.52192866E+01  -0.33851080E-02   0.20751129E-02
   636  -0.52220607E+01  -0.33819602E-02   0.20738380E-02
   637  -0.52248286E+01  -0.33788184E-02   0.20725653E-02
   638  -0.52275903E+01  -0.33756826E-02   0.20712949E-02
   639  -0.52303458E+01  -0.33725527E-02   0.20700266E-02
   640  -0.52330952E+01  -0.33694286E-02   0.20687604E-02
   641  -0.52358384E+01  -0.33663104E-02   0.20674964E-02
   642  -0.52385755E+01  -0.33631981E-02   0.20662346E-02
   643  -0.52413064E+01  -0.33600915E-02   0.20649747E-02
   644  -0.52440312E+01  -0.33569907E-02   0.20637170E-02
   645  -0.52467498E+01  -0.33538957E-02   0.20624613E-02
   646  -0.52494624E+01  -0.33508063E-02   0.20612076E-02
   647  -0.52521688E+01  -0.33477227E-02   0.20599559E-02
   648  -0.52548690E+01  -0.33446446E-02   0.20587062E-02
   649  -0.52575632E+01  -0.33415722E-02   0.20574585E-02
   650  -0.52602513E+01  -0.33385054E-02   0.20562126E-02
   651  -0.52629332E+01  -0.33354442E-02   0.20549687E-02
   652  -0.52656091E+01  -0.33323885E-02   0.20537266E-02
   653  -0.52682789E+01  -0.33293383E-02   0.20524865E-02
   654  -0.52709426E+01  -0.33262936E-02   0.20512481E-02
   655  -0.52736002E+01  -0.33232543E-02   0.20500116E-02
   656  -0.52762518E+01  -0.33202205E-02   0.20487769E-02
   657  -0.52788973E+01  -0.33171921E-02   0.20475440E-02
   658  -0.52815367E+01  -0.33141691E-02   0.20463128E-02
   659  -0.52841701E+01  -0.33111514E-02   0.20450834E-02
   660  -0.52867975E+01  -0.33081390E-02   0.20438557E-02
   661  -0.52894188E+01  -0.33051319E-02   0.20426297E-02
   662  -0.52920341E+01  -0.33021302E-02   0.20414054E-02
   663  -0.52946433E+01  -0.32991336E-02   0.20401828E-02
   664  -0.52972466E+01  -0.32961423E-02   0.20389618E-02
   665  -0.52998438E+01  -0.32931562E-02   0.20377425E-02
   666  -0.53024350E+01  -0.32901753E-02   0.20365247E-02
   667  -0.53050203E+01  -0.32871995E-02   0.20353086E-02
   668  -0.53075995E+01  -0.32842288E-02   0.20340940E-02
   669  -0.53101728E+01  -0.32812633E-02   0.20328810E-02
   670  -0.53127401E+01  -0.32783028E-02   0.20316695E-02
   671  -0.53153014E+01  -0.32753474E-02   0.20304596E-02
   672  -0.53178568E+01  -0.32723970E-02   0.20292512E-02
   673  -0.53204062E+01  -0.32694517E-02   0.20280443E-02
   674  -0.53229496E+01  -0.32665113E-02   0.20268388E-02
   675  -0.53254871E+01  -0.32635759E-02   0.20256348E-02
   676  -0.53280187E+01  -0.32606454E-02   0.20244322E-02
   677  -0.53305444E+01  -0.32577199E-02   0.20232311E-02
   678  -0.53330641E+01  -0.32547992E-02   0.20220314E-02
   679  -0.53355779E+01  -0.32518834E-02   0.20208331E-02
   680  -0.53380858E+01  -0.32489725E-02   0.20196361E-02
   681  -0.53405878E+01  -0.32460664E-02   0.20184406E-02
   682  -0.53430840E+01  -0.32431652E-02   0.20172463E-02
   683  -0.53455742E+01  -0.32402687E-02   0.20160534E-02
   684  -0.53480585E+01  -0.32373770E-02   0.20148619E-02
   685  -0.53505370E+01  -0.32344900E-02   0.20136716E-02
   686  -0.53530097E+01  -0.32316078E-02   0.20124826E-02
   687  -0.53554764E+01  -0.32287303E-02   0.20112949E-02
   688  -0.53579373E+01  -0.32258574E-02   0.20101085E-02
   689  -0.53603924E+01  -0.32229893E-02   0.20089233E-02
   690  -0.53628417E+01  -0.32201258E-02   0.20077394E-02
   691  -0.53652851E+01  -0.32172669E-02   0.20065567E-02
   692  -0.53677227E+01  -0.32144126E-02   0.20053752E-02
   693  -0.53701545E+01  -0.32115629E-02   0.20041948E-02
   694  -0.53725805E+01  -0.32087178E-02   0.20030157E-02
   695  -0.53750006E+01  -0.32058772E-02   0.20018377E-02
   696  -0.53774150E+01  -0.32030412E-02   0.20006609E-02
   697  -0.53798237E+01  -0.32002097E-02   0.19994853E-02
   698  -0.53822265E+01  -0.31973826E-02   0.19983108E-02
   699  -0.53846236E+01  -0.31945601E-02   0.19971373E-02
   700  -0.53870149E+01  -0.31917420E-02   0.19959650E-02
   701  -0.53894005E+01  -0.31889283E-02   0.19947938E-02
   702  -0.53917803E+01  -0.31861191E-02   0.19936237E-02
   703  -0.53941544E+01  -0.31833143E-02   0.19924547E-02
   704  -0.53965228E+01  -0.31805139E-02   0.19912867E-02
   705  -0.53988854E+01  -0.31777178E-02   0.19901198E-02
   706  -0.54012423E+01  -0.31749261E-02   0.19889539E-02
   707  -0.54035936E+01  -0.31721387E-02   0.19877890E-02
   708  -0.54059391E+01  -0.31693556E-02   0.19866252E-02
   709  -0.54082790E+01  -0.31665769E-02   0.19854623E-02
   710  -0.54106131E+01  -0.31638024E-02   0.19843005E-02
   711  -0.54129416E+01  -0.31610322E-02   0.19831396E-02
   712  -0.54152645E+01  -0.31582662E-02   0.19819797E-02
   713  -0.54175816E+01  -0.31555045E-02   0.19808208E-02
   714  -0.54198932E+01  -0.31527469E-02   0.19796628E-02
   715  -0.54221991E+01  -0.31499936E-02   0.19785058E-02
   716  -0.54244993E+01  -0.31472445E-02   0.19773497E-02
   717  -0.54267939E+01  -0.31444995E-02   0.19761945E-02
   718  -0.54290830E+01  -0.31417587E-02   0.19750402E-02
   719  -0.54313664E+01  -0.31390221E-02   0.19738869E-02
   720  -0.54336442E+01  -0.31362895E-02   0.19727344E-02
   721  -0.54359164E+01  -0.31335611E-02   0.19715828E-02
   722  -0.54381830E+01  -0.31308367E-02   0.19704321E-02
   723  -0.54404441E+01  -0.31281164E-02   0.19692823E-02
   724  -0.54426996E+01  -0.31254002E-02   0.19681333E-02
   725  -0.54449495E+01  -0.31226881E-02   0.19669852E-02
   726  -0.54471939E+01  -0.31199799E-02   0.19658379E-02
   727  -0.54494328E+01  -0.31172758E-02   0.19646915E-02
   728  -0.54516661E+01  -0.31145757E-02   0.19635458E-02
   729  -0.54538938E+01  -0.31118796E-02   0.19624010E-02
   730  -0.54561161E+01  -0.31091874E-02   0.19612570E-02
   731  -0.54583329E+01  -0.31064992E-02   0.19601138E-02
   732  -0.54605441E+01  -0.31038149E-02   0.19589714E-02
   733  -0.54627499E+01  -0.31011346E-02   0.19578298E-02
   734  -0.54649502E+01  -0.30984582E-02   0.19566889E-02
   735  -0.54671450E+01  -0.30957857E-02   0.19555488E-02
   736  -0.54693343E+01  -0.30931171E-02   0.19544095E-02
   737  -0.54715182E+01  -0.30904524E-02   0.19532709E-02
   738  -0.54736966E+01  -0.30877915E-02   0.19521331E-02
   739  -0.54758696E+01  -0.30851345E-02   0.19509960E-02
   740  -0.54780372E+01  -0.30824813E-02   0.19498596E-02
   741  -0.54801993E+01  -0.30798319E-02   0.19487240E-02
   742  -0.54823560E+01  -0.30771864E-02   0.19475891E-02
   743  -0.54845073E+01  -0.30745446E-02   0.19464549E-02
   744  -0.54866533E+01  -0.30719066E-02   0.19453214E-02
   745  -0.54887938E+01  -0.30692724E-02   0.19441885E-02
   746  -0.54909289E+01  -0.30666420E-02   0.19430564E-02
   747  -0.54930587E+01  -0.30640153E-02   0.19419250E-02
   748  -0.54951831E+01  -0.30613923E-02   0.19407942E-02
   749  -0.54973021E+01  -0.30587731E-02   0.19396641E-02
   750  -0.54994158E+01  -0.30561575E-02   0.19385347E-02
   751  -0.55015242E+01  -0.30535457E-02   0.19374059E-02
   752  -0.55036272E+01  -0.30509375E-02   0.19362778E-02
   753  -0.55057250E+01  -0.30483331E-02   0.19351503E-02
   754  -0.55078174E+01  -0.30457322E-02   0.19340235E-02
   755  -0.55099044E+01  -0.30431351E-02   0.19328973E-02
   756  -0.55119863E+01  -0.30405415E-02   0.19317717E-02
   757  -0.55140628E+01  -0.30379516E-02   0.19306468E-02
   758  -0.55161340E+01  -0.30353653E-02   0.19295224E-02
   759  -0.55182000E+01  -0.30327826E-02   0.19283987E-02
   760  -0.55202607E+01  -0.30302035E-02   0.19272756E-02
   761  -0.55223161E+01  -0.30276280E-02   0.19261531E-02
   762  -0.55243664E+01  -0.30250561E-02   0.19250311E-02
   763  -0.55264113E+01  -0.30224877E-02   0.19239098E-02
   764  -0.55284511E+01  -0.30199228E-02   0.19227890E-02
   765  -0.55304856E+01  -0.30173615E-02   0.19216689E-02
   766  -0.55325150E+01  -0.30148038E-02   0.19205493E-02
   767  -0.55345391E+01  -0.30122495E-02   0.19194303E-02
   768  -0.55365581E+01  -0.30096987E-02   0.19183118E-02
   769  -0.55385718E+01  -0.30071515E-02   0.19171939E-02
   770  -0.55405804E+01  -0.30046077E-02   0.19160766E-02
   771  -0.55425839E+01  -0.30020674E-02   0.19149598E-02
   772  -0.55445822E+01  -0.29995305E-02   0.19138435E-02
   773  -0.55465753E+01  -0.29969971E-02   0.19127278E-02
   774  -0.55485633E+01  -0.29944671E-02   0.19116127E-02
   775  -0.55505462E+01  -0.29919406E-02   0.19104981E-02
   776  -0.55525239E+01  -0.29894175E-02   0.19093840E-02
   777  -0.55544966E+01  -0.29868978E-02   0.19082704E-02
   778  -0.55564641E+01  -0.29843815E-02   0.19071573E-02
   779  -0.55584266E+01  -0.29818686E-02   0.19060448E-02
   780  -0.55603840E+01  -0.29793591E-02   0.19049328E-02
   781  -0.55623363E+01  -0.29768530E-02   0.19038213E-02
   782  -0.55642835E+01  -0.29743502E-02   0.19027103E-02
   783  -0.55662257E+01  -0.29718507E-02   0.19015998E-02
   784  -0.55681628E+01  -0.29693547E-02   0.19004898E-02
   785  -0.55700949E+01  -0.29668619E-02   0.18993803E-02
   786  -0.55720220E+01  -0.29643725E-02   0.18982713E-02
   787  -0.55739440E+01  -0.29618864E-02   0.18971627E-02
   788  -0.55758611E+01  -0.29594036E-02   0.18960547E-02
   789  -0.55777731E+01  -0.29569240E-02   0.18949471E-02
   790  -0.55796802E+01  -0.29544478E-02   0.18938401E-02
   791  -0.55815822E+01  -0.29519749E-02   0.18927334E-02
   792  -0.55834793E+01  -0.29495052E-02   0.18916273E-02
   793  -0.55853715E+01  -0.29470388E-02   0.18905216E-02
   794  -0.55872586E+01  -0.29445756E-02   0.18894164E-02
   795  -0.55891409E+01  -0.29421157E-02   0.18883117E-02
   796  -0.55910182E+01  -0.29396591E-02   0.18872074E-02
   797  -0.55928905E+01  -0.29372056E-02   0.18861036E-02
   798  -0.55947580E+01  -0.29347554E-02   0.18850002E-02
   799  -0.55966205E+01  -0.29323083E-02   0.18838973E-02
   800  -0.55984781E+01  -0.29298645E-02   0.18827948E-02
   801  -0.56003309E+01  -0.29274239E-02   0.18816928E-02
   802  -0.56021787E+01  -0.29249864E-02   0.18805912E-02
   803  -0.56040217E+01  -0.29225522E-02   0.18794901E-02
   804  -0.56058598E+01  -0.29201211E-02   0.18783894E-02
   805  -0.56076931E+01  -0.29176931E-02   0.18772891E-02
   806  -0.56095215E+01  -0.29152683E-02   0.18761892E-02
   807  -0.56113451E+01  -0.29128467E-02   0.18750898E-02
   808  -0.56131638E+01  -0.29104282E-02   0.18739909E-02
   809  -0.56149777E+01  -0.29080128E-02   0.18728923E-02
   810  -0.56167869E+01  -0.29056005E-02   0.18717942E-02
   811  -0.56185912E+01  -0.29031914E-02   0.18706965E-02
   812  -0.56203907E+01  -0.29007853E-02   0.18695992E-02
   813  -0.56221855E+01  -0.28983824E-02   0.18685023E-02
   814  -0.56239754E+01  -0.28959825E-02   0.18674058E-02
   815  -0.56257606E+01  -0.28935857E-02   0.18663098E-02
   816  -0.56275411E+01  -0.28911920E-02   0.18652141E-02
   817  -0.56293168E+01  -0.28888014E-02   0.18641189E-02
   818  -0.56310878E+01  -0.28864138E-02   0.18630241E-02
   819  -0.56328540E+01  -0.28840292E-02   0.18619297E-02
   820  -0.56346155E+01  -0.28816477E-02   0.18608357E-02
   821  -0.56363723E+01  -0.28792693E-02   0.18597420E-02
   822  -0.56381245E+01  -0.28768939E-02   0.18586488E-02
   823  -0.56398719E+01  -0.28745215E-02   0.18575560E-02
   824  -0.56416146E+01  -0.28721521E-02   0.18564636E-02
   825  -0.56433527E+01  -0.28697857E-02   0.18553716E-02
   826  -0.56450861E+01  -0.28674223E-02   0.18542799E-02
   827  -0.56468149E+01  -0.28650619E-02   0.18531887E-02
   828  -0.56485390E+01  -0.28627045E-02   0.18520979E-02
   829  -0.56502584E+01  -0.28603501E-02   0.18510074E-02
   830  -0.56519733E+01  -0.28579986E-02   0.18499173E-02
   831  -0.56536835E+01  -0.28556502E-02   0.18488276E-02
   832  -0.56553891E+01  -0.28533046E-02   0.18477384E-02
   833  -0.56570901E+01  -0.28509621E-02   0.18466494E-02
   834  -0.56587866E+01  -0.28486224E-02   0.18455609E-02
   835  -0.56604784E+01  -0.28462858E-02   0.18444728E-02
   836  -0.56621657E+01  -0.28439520E-02   0.18433850E-02
   837  -0.56638484E+01  -0.28416212E-02   0.18422976E-02
   838  -0.56655266E+01  -0.28392933E-02   0.18412106E-02
   839  -0.56672002E+01  -0.28369683E-02   0.18401239E-02
   840  -0.56688693E+01  -0.28346462E-02   0.18390377E-02
   841  -0.56705338E+01  -0.28323270E-02   0.18379518E-02
   842  -0.56721939E+01  -0.28300107E-02   0.18368663E-02
   843  -0.56738494E+01  -0.28276973E-02   0.18357811E-02
   844  -0.56755004E+01  -0.28253867E-02   0.18346964E-02
   845  -0.56771470E+01  -0.28230791E-02   0.18336120E-02
   846  -0.56787890E+01  -0.28207743E-02   0.18325279E-02
   847  -0.56804266E+01  -0.28184724E-02   0.18314443E-02
   848  -0.56820597E+01  -0.28161733E-02   0.18303610E-02
   849  -0.56836884E+01  -0.28138771E-02   0.18292781E-02
   850  -0.56853127E+01  -0.28115837E-02   0.18281955E-02
   851  -0.56869325E+01  -0.28092932E-02   0.18271133E-02
   852  -0.56885478E+01  -0.28070055E-02   0.18260315E-02
   853  -0.56901588E+01  -0.28047206E-02   0.18249501E-02
   854  -0.56917653E+01  -0.28024385E-02   0.18238690E-02
   855  -0.56933675E+01  -0.28001593E-02   0.18227882E-02
   856  -0.56949653E+01  -0.27978829E-02   0.18217079E-02
   857  -0.56965586E+01  -0.27956092E-02   0.18206279E-02
   858  -0.56981477E+01  -0.27933384E-02   0.18195482E-02
   859  -0.56997323E+01  -0.27910703E-02   0.18184690E-02
   860  -0.57013126E+01  -0.27888051E-02   0.18173900E-02
   861  -0.57028886E+01  -0.27865426E-02   0.18163115E-02
   862  -0.57044602E+01  -0.27842829E-02   0.18152333E-02
   863  -0.57060275E+01  -0.27820260E-02   0.18141555E-02
   864  -0.57075905E+01  -0.27797718E-02   0.18130780E-02
   865  -0.57091492E+01  -0.27775204E-02   0.18120009E-02
   866  -0.57107035E+01  -0.27752717E-02   0.18109241E-02
   867  -0.57122536E+01  -0.27730258E-02   0.18098477E-02
   868  -0.57137995E+01  -0.27707826E-02   0.18087717E-02
   869  -0.57153410E+01  -0.27685421E-02   0.18076960E-02
   870  -0.57168783E+01  -0.27663044E-02   0.18066207E-02
   871  -0.57184113E+01  -0.27640694E-02   0.18055458E-02
   872  -0.57199401E+01  -0.27618372E-02   0.18044712E-02
   873  -0.57214646E+01  -0.27596076E-02   0.18033969E-02
   874  -0.57229850E+01  -0.27573808E-02   0.18023230E-02
   875  -0.57245011E+01  -0.27551566E-02   0.18012495E-02
   876  -0.57260130E+01  -0.27529352E-02   0.18001763E-02
   877  -0.57275207E+01  -0.27507164E-02   0.17991035E-02
   878  -0.57290242E+01  -0.27485003E-02   0.17980311E-02
   879  -0.57305236E+01  -0.27462870E-02   0.17969590E-02
   880  -0.57320187E+01  -0.27440763E-02   0.17958873E-02
   881  -0.57335097E+01  -0.27418682E-02   0.17948159E-02
   882  -0.57349966E+01  -0.27396629E-02   0.17937449E-02
   883  -0.57364793E+01  -0.27374601E-02   0.17926742E-02
   884  -0.57379579E+01  -0.27352601E-02   0.17916039E-02
   885  -0.57394323E+01  -0.27330627E-02   0.17905340E-02
   886  -0.57409027E+01  -0.27308680E-02   0.17894644E-02
   887  -0.57423689E+01  -0.27286759E-02   0.17883951E-02
   888  -0.57438310E+01  -0.27264864E-02   0.17873263E-02
   889  -0.57452891E+01  -0.27242996E-02   0.17862578E-02
   890  -0.57467430E+01  -0.27221154E-02   0.17851896E-02
   891  -0.57481929E+01  -0.27199338E-02   0.17841218E-02
   892  -0.57496387E+01  -0.27177548E-02   0.17830544E-02
   893  -0.57510805E+01  -0.27155785E-02   0.17819873E-02
   894  -0.57525182E+01  -0.27134047E-02   0.17809206E-02
   895  -0.57539519E+01  -0.27112336E-02   0.17798543E-02
   896  -0.57553816E+01  -0.27090651E-02   0.17787883E-02
   897  -0.57568072E+01  -0.27068991E-02   0.17777227E-02
   898  -0.57582289E+01  -0.27047358E-02   0.17766574E-02
   899  -0.57596465E+01  -0.27025750E-02   0.17755925E-02
   900  -0.57610602E+01  -0.27004169E-02   0.17745280E-02
   901  -0.57624698E+01  -0.26982613E-02   0.17734638E-02
   902  -0.57638755E+01  -0.26961082E-02   0.17724000E-02
   903  -0.57652772E+01  -0.26939578E-02   0.17713365E-02
   904  -0.57666750E+01  -0.26918099E-02   0.17702734E-02
   905  -0.57680688E+01  -0.26896645E-02   0.17692107E-02
   906  -0.57694587E+01  -0.26875218E-02   0.17681484E-02
   907  -0.57708447E+01  -0.26853815E-02   0.17670864E-02
   908  -0.57722267E+01  -0.26832438E-02   0.17660247E-02
   909  -0.57736048E+01  -0.26811087E-02   0.17649635E-02
   910  -0.57749791E+01  -0.26789761E-02   0.17639026E-02
   911  -0.57763494E+01  -0.26768460E-02   0.17628421E-02
   912  -0.57777158E+01  -0.26747185E-02   0.17617819E-02
   913  -0.57790784E+01  -0.26725934E-02   0.17607221E-02
   914  -0.57804371E+01  -0.26704709E-02   0.17596627E-02
   915  -0.57817919E+01  -0.26683510E-02   0.17586037E-02
   916  -0.57831429E+01  -0.26662335E-02   0.17575450E-02
   917  -0.57844901E+01  -0.26641185E-02   0.17564867E-02
   918  -0.57858334E+01  -0.26620060E-02   0.17554288E-02
   919  -0.57871729E+01  -0.26598961E-02   0.17543712E-02
   920  -0.57885086E+01  -0.26577886E-02   0.17533140E-02
   921  -0.57898405E+01  -0.26556836E-02   0.17522572E-02
   922  -0.57911686E+01  -0.26535811E-02   0.17512008E-02
   923  -0.57924928E+01  -0.26514811E-02   0.17501447E-02
   924  -0.57938134E+01  -0.26493836E-02   0.17490890E-02
   925  -0.57951301E+01  -0.26472885E-02   0.17480337E-02
   926  -0.57964431E+01  -0.26451960E-02   0.17469788E-02
   927  -0.57977523E+01  -0.26431058E-02   0.17459242E-02
   928  -0.57990578E+01  -0.26410182E-02   0.17448700E-02
   929  -0.58003595E+01  -0.26389330E-02   0.17438162E-02
   930  -0.58016575E+01  -0.26368502E-02   0.17427628E-02
   931  -0.58029518E+01  -0.26347699E-02   0.17417098E-02
   932  -0.58042424E+01  -0.26326921E-02   0.17406571E-02
   933  -0.58055293E+01  -0.26306167E-02   0.17396049E-02
   934  -0.58068125E+01  -0.26285437E-02   0.17385530E-02
   935  -0.58080920E+01  -0.26264732E-02   0.17375015E-02
   936  -0.58093679E+01  -0.26244051E-02   0.17364504E-02
   937  -0.58106400E+01  -0.26223394E-02   0.17353996E-02
   938  -0.58119085E+01  -0.26202762E-02   0.17343493E-02
   939  -0.58131734E+01  -0.26182153E-02   0.17332993E-02
   940  -0.58144346E+01  -0.26161569E-02   0.17322497E-02
   941  -0.58156922E+01  -0.26141009E-02   0.17312006E-02
   942  -0.58169461E+01  -0.26120473E-02   0.17301518E-02
   943  -0.58181965E+01  -0.26099961E-02   0.17291034E-02
   944  -0.58194432E+01  -0.26079473E-02   0.17280553E-02
   945  -0.58206864E+01  -0.26059010E-02   0.17270077E-02
   946  -0.58219259E+01  -0.26038570E-02   0.17259605E-02
   947  -0.58231619E+01  -0.26018154E-02   0.17249137E-02
   948  -0.58243943E+01  -0.25997761E-02   0.17238672E-02
   949  -0.58256231E+01  -0.25977393E-02   0.17228212E-02
   950  -0.58268484E+01  -0.25957048E-02   0.17217755E-02
   951  -0.58280701E+01  -0.25936728E-02   0.17207303E-02
   952  -0.58292883E+01  -0.25916430E-02   0.17196854E-02
   953  -0.58305029E+01  -0.25896157E-02   0.17186410E-02
   954  -0.58317141E+01  -0.25875907E-02   0.17175970E-02
   955  -0.58329217E+01  -0.25855681E-02   0.17165533E-02
   956  -0.58341258E+01  -0.25835478E-02   0.17155101E-02
   957  -0.58353264E+01  -0.25815299E-02   0.17144672E-02
   958  -0.58365235E+01  -0.25795144E-02   0.17134248E-02
   959  -0.58377172E+01  -0.25775012E-02   0.17123828E-02
   960  -0.58389074E+01  -0.25754903E-02   0.17113411E-02
   961  -0.58400941E+01  -0.25734818E-02   0.17102999E-02
   962  -0.58412773E+01  -0.25714756E-02   0.17092591E-02
   963  -0.58424571E+01  -0.25694717E-02   0.17082187E-02
   964  -0.58436335E+01  -0.25674702E-02   0.17071787E-02
   965  -0.58448065E+01  -0.25654710E-02   0.17061391E-02
   966  -0.58459760E+01  -0.25634741E-02   0.17051000E-02
   967  -0.58471421E+01  -0.25614796E-02   0.17040612E-02
   968  -0.58483048E+01  -0.25594873E-02   0.17030229E-02
   969  -0.58494641E+01  -0.25574974E-02   0.17019850E-02
   970  -0.58506200E+01  -0.25555098E-02   0.17009475E-02
   971  -0.58517725E+01  -0.25535245E-02   0.16999104E-02
   972  -0.58529217E+01  -0.25515415E-02   0.16988737E-02
   973  -0.58540675E+01  -0.25495608E-02   0.16978374E-02
   974  -0.58552099E+01  -0.25475824E-02   0.16968016E-02
   975  -0.58563490E+01  -0.25456062E-02   0.16957662E-02
   976  -0.58574847E+01  -0.25436324E-02   0.16947312E-02
   977  -0.58586172E+01  -0.25416609E-02   0.16936966E-02
   978  -0.58597463E+01  -0.25396916E-02   0.16926625E-02
   979  -0.58608720E+01  -0.25377246E-02   0.16916288E-02
   980  -0.58619945E+01  -0.25357599E-02   0.16905955E-02
   981  -0.58631137E+01  -0.25337975E-02   0.16895626E-02
   982  -0.58642296E+01  -0.25318373E-02   0.16885302E-02
   983  -0.58653422E+01  -0.25298794E-02   0.16874982E-02
   984  -0.58664515E+01  -0.25279238E-02   0.16864666E-02
   985  -0.58675576E+01  -0.25259704E-02   0.16854355E-02
   986  -0.58686604E+01  -0.25240193E-02   0.16844048E-02
   987  -0.58697599E+01  -0.25220704E-02   0.16833745E-02
   988  -0.58708562E+01  -0.25201238E-02   0.16823447E-02
   989  -0.58719493E+01  -0.25181795E-02   0.16813153E-02
   990  -0.58730391E+01  -0.25162374E-02   0.16802863E-02
   991  -0.58741258E+01  -0.25142975E-02   0.16792578E-02
   992  -0.58752092E+01  -0.25123598E-02   0.16782297E-02
   993  -0.58762894E+01  -0.25104244E-02   0.16772020E-02
   994  -0.58773664E+01  -0.25084913E-02   0.16761748E-02
   995  -0.58784403E+01  -0.25065603E-02   0.16751480E-02
   996  -0.58795109E+01  -0.25046316E-02   0.16741217E-02
   997  -0.58805784E+01  -0.25027051E-02   0.16730958E-02
   998  -0.58816427E+01  -0.25007809E-02   0.16720704E-02
   999  -0.58827039E+01  -0.24988588E-02   0.16710454E-02
  1000  -0.58837619E+01  -0.24969390E-02   0.16700209E-02
  1001  -0.58848168E+01  -0.24950213E-02   0.16689968E-02
  1002  -0.58858686E+01  -0.24931059E-02   0.16679732E-02
  1003  -0.58869172E+01  -0.24911927E-02   0.16669500E-02
  1004  -0.58879627E+01  -0.24892817E-02   0.16659272E-02
  1005  -0.58890051E+01  -0.24873729E-02   0.16649049E-02
  1006  -0.58900444E+01  -0.24854663E-02   0.16638831E-02
  1007  -0.58910807E+01  -0.24835619E-02   0.16628617E-02
  1008  -0.58921138E+01  -0.24816596E-02   0.16618408E-02
  1009  -0.58931439E+01  -0.24797596E-02   0.16608204E-02
  1010  -0.58941708E+01  -0.24778617E-02   0.16598004E-02
  1011  -0.58951948E+01  -0.24759660E-02   0.16587808E-02
  1012  -0.58962156E+01  -0.24740725E-02   0.16577617E-02
  1013  -0.58972335E+01  -0.24721812E-02   0.16567431E-02
  1014  -0.58982483E+01  -0.24702920E-02   0.16557250E-02
  1015  -0.58992600E+01  -0.24684051E-02   0.16547073E-02
  1016  -0.59002688E+01  -0.24665202E-02   0.16536901E-02
  1017  -0.59012745E+01  -0.24646376E-02   0.16526733E-02
  1018  -0.59022772E+01  -0.24627571E-02   0.16516570E-02
  1019  -0.59032769E+01  -0.24608788E-02   0.16506412E-02
  1020  -0.59042737E+01  -0.24590026E-02   0.16496258E-02
  1021  -0.59052674E+01  -0.24571286E-02   0.16486109E-02
  1022  -0.59062582E+01  -0.24552567E-02   0.16475965E-02
  1023  -0.59072460E+01  -0.24533870E-02   0.16465826E-02
  1024  -0.59082308E+01  -0.24515194E-02   0.16455691E-02
  1025  -0.59092127E+01  -0.24496539E-02   0.16445561E-02
  1026  -0.59101917E+01  -0.24477906E-02   0.16435436E-02
  1027  -0.59111677E+01  -0.24459295E-02   0.16425316E-02
  1028  -0.59121408E+01  -0.24440704E-02   0.16415200E-02
  1029  -0.59131109E+01  -0.24422135E-02   0.16405089E-02
  1030  -0.59140782E+01  -0.24403587E-02   0.16394983E-02
  1031  -0.59150425E+01  -0.24385061E-02   0.16384882E-02
  1032  -0.59160039E+01  -0.24366555E-02   0.16374786E-02
  1033  -0.59169625E+01  -0.24348071E-02   0.16364694E-02
  1034  -0.59179181E+01  -0.24329608E-02   0.16354607E-02
  1035  -0.59188709E+01  -0.24311166E-02   0.16344526E-02
  1036  -0.59198208E+01  -0.24292746E-02   0.16334449E-02
  1037  -0.59207678E+01  -0.24274346E-02   0.16324377E-02
  1038  -0.59217120E+01  -0.24255967E-02   0.16314309E-02
  1039  -0.59226533E+01  -0.24237610E-02   0.16304247E-02
  1040  -0.59235918E+01  -0.24219273E-02   0.16294190E-02
  1041  -0.59245275E+01  -0.24200958E-02   0.16284137E-02
  1042  -0.59254603E+01  -0.24182663E-02   0.16274090E-02
  1043  -0.59263904E+01  -0.24164389E-02   0.16264047E-02
  1044  -0.59273176E+01  -0.24146136E-02   0.16254009E-02
  1045  -0.59282420E+01  -0.24127904E-02   0.16243977E-02
  1046  -0.59291636E+01  -0.24109693E-02   0.16233949E-02
  1047  -0.59300824E+01  -0.24091503E-02   0.16223926E-02
  1048  -0.59309984E+01  -0.24073333E-02   0.16213909E-02
  1049  -0.59319117E+01  -0.24055185E-02   0.16203896E-02
  1050  -0.59328222E+01  -0.24037057E-02   0.16193888E-02
  1051  -0.59337299E+01  -0.24018949E-02   0.16183886E-02
  1052  -0.59346349E+01  -0.24000862E-02   0.16173888E-02
  1053  -0.59355371E+01  -0.23982796E-02   0.16163895E-02
  1054  -0.59364366E+01  -0.23964751E-02   0.16153908E-02
  1055  -0.59373334E+01  -0.23946726E-02   0.16143925E-02
  1056  -0.59382274E+01  -0.23928722E-02   0.16133948E-02
  1057  -0.59391187E+01  -0.23910738E-02   0.16123976E-02
  1058  -0.59400074E+01  -0.23892775E-02   0.16114009E-02
  1059  -0.59408933E+01  -0.23874833E-02   0.16104046E-02
  1060  -0.59417765E+01  -0.23856910E-02   0.16094089E-02
  1061  -0.59426570E+01  -0.23839009E-02   0.16084138E-02
  1062  -0.59435349E+01  -0.23821127E-02   0.16074191E-02
  1063  -0.59444100E+01  -0.23803266E-02   0.16064249E-02
  1064  -0.59452825E+01  -0.23785426E-02   0.16054313E-02
  1065  -0.59461524E+01  -0.23767606E-02   0.16044382E-02
  1066  -0.59470196E+01  -0.23749806E-02   0.16034456E-02
  1067  -0.59478841E+01  -0.23732026E-02   0.16024535E-02
  1068  -0.59487460E+01  -0.23714267E-02   0.16014619E-02
  1069  -0.59496053E+01  -0.23696528E-02   0.16004709E-02
  1070  -0.59504619E+01  -0.23678809E-02   0.15994804E-02
  1071  -0.59513160E+01  -0.23661110E-02   0.15984904E-02
  1072  -0.59521674E+01  -0.23643432E-02   0.15975009E-02
  1073  -0.59530162E+01  -0.23625773E-02   0.15965120E-02
  1074  -0.59538624E+01  -0.23608135E-02   0.15955236E-02
  1075  -0.59547061E+01  -0.23590517E-02   0.15945357E-02
  1076  -0.59555471E+01  -0.23572919E-02   0.15935483E-02
  1077  -0.59563856E+01  -0.23555341E-02   0.15925615E-02
  1078  -0.59572215E+01  -0.23537782E-02   0.15915752E-02
  1079  -0.59580548E+01  -0.23520244E-02   0.15905894E-02
  1080  -0.59588856E+01  -0.23502726E-02   0.15896041E-02
  1081  -0.59597138E+01  -0.23485228E-02   0.15886194E-02
  1082  -0.59605395E+01  -0.23467750E-02   0.15876353E-02
  1083  -0.59613627E+01  -0.23450292E-02   0.15866516E-02
  1084  -0.59621833E+01  -0.23432853E-02   0.15856685E-02
  1085  -0.59630014E+01  -0.23415434E-02   0.15846860E-02
  1086  -0.59638170E+01  -0.23398036E-02   0.15837039E-02
  1087  -0.59646301E+01  -0.23380657E-02   0.15827224E-02
  1088  -0.59654407E+01  -0.23363297E-02   0.15817415E-02
  1089  -0.59662488E+01  -0.23345958E-02   0.15807611E-02
  1090  -0.59670544E+01  -0.23328638E-02   0.15797812E-02
  1091  -0.59678575E+01  -0.23311338E-02   0.15788019E-02
  1092  -0.59686582E+01  -0.23294057E-02   0.15778231E-02
  1093  -0.59694563E+01  -0.23276797E-02   0.15768449E-02
  1094  -0.59702521E+01  -0.23259555E-02   0.15758672E-02
  1095  -0.59710453E+01  -0.23242334E-02   0.15748901E-02
  1096  -0.59718361E+01  -0.23225132E-02   0.15739135E-02
  1097  -0.59726245E+01  -0.23207950E-02   0.15729374E-02
  1098  -0.59734105E+01  -0.23190787E-02   0.15719619E-02
  1099  -0.59741940E+01  -0.23173643E-02   0.15709870E-02
  1100  -0.59749751E+01  -0.23156519E-02   0.15700126E-02
  1101  -0.59757538E+01  -0.23139415E-02   0.15690387E-02
  1102  -0.59765300E+01  -0.23122330E-02   0.15680654E-02
  1103  -0.59773039E+01  -0.23105264E-02   0.15670927E-02
  1104  -0.59780754E+01  -0.23088218E-02   0.15661205E-02
  1105  -0.59788445E+01  -0.23071191E-02   0.15651489E-02
  1106  -0.59796112E+01  -0.23054184E-02   0.15641778E-02
  1107  -0.59803755E+01  -0.23037195E-02   0.15632073E-02
  1108  -0.59811375E+01  -0.23020226E-02   0.15622374E-02
  1109  -0.59818971E+01  -0.23003277E-02   0.15612680E-02
  1110  -0.59826543E+01  -0.22986346E-02   0.15602991E-02
  1111  -0.59834092E+01  -0.22969435E-02   0.15593309E-02
  1112  -0.59841618E+01  -0.22952543E-02   0.15583632E-02
  1113  -0.59849120E+01  -0.22935670E-02   0.15573960E-02
  1114  -0.59856599E+01  -0.22918817E-02   0.15564294E-02
  1115  -0.59864054E+01  -0.22901982E-02   0.15554634E-02
  1116  -0.59871487E+01  -0.22885167E-02   0.15544979E-02
  1117  -0.59878896E+01  -0.22868370E-02   0.15535331E-02
  1118  -0.59886282E+01  -0.22851593E-02   0.15525687E-02
  1119  -0.59893646E+01  -0.22834835E-02   0.15516050E-02
  1120  -0.59900986E+01  -0.22818095E-02   0.15506418E-02
  1121  -0.59908304E+01  -0.22801375E-02   0.15496792E-02
  1122  -0.59915599E+01  -0.22784674E-02   0.15487171E-02
  1123  -0.59922871E+01  -0.22767991E-02   0.15477557E-02
  1124  -0.59930120E+01  -0.22751328E-02   0.15467948E-02
  1125  -0.59937347E+01  -0.22734683E-02   0.15458344E-02
  1126  -0.59944551E+01  -0.22718058E-02   0.15448747E-02
  1127  -0.59951733E+01  -0.22701451E-02   0.15439155E-02
  1128  -0.59958892E+01  -0.22684863E-02   0.15429569E-02
  1129  -0.59966029E+01  -0.22668294E-02   0.15419989E-02
  1130  -0.59973144E+01  -0.22651743E-02   0.15410414E-02
  1131  -0.59980236E+01  -0.22635212E-02   0.15400845E-02
  1132  -0.59987307E+01  -0.22618699E-02   0.15391282E-02
  1133  -0.59994355E+01  -0.22602205E-02   0.15381725E-02
  1134  -0.60001381E+01  -0.22585729E-02   0.15372174E-02
  1135  -0.60008385E+01  -0.22569272E-02   0.15362628E-02
  1136  -0.60015367E+01  -0.22552834E-02   0.15353089E-02
  1137  -0.60022328E+01  -0.22536414E-02   0.15343555E-02
  1138  -0.60029266E+01  -0.22520013E-02   0.15334027E-02
  1139  -0.60036183E+01  -0.22503631E-02   0.15324504E-02
  1140  -0.60043078E+01  -0.22487267E-02   0.15314988E-02
  1141  -0.60049952E+01  -0.22470922E-02   0.15305477E-02
  1142  -0.60056804E+01  -0.22454595E-02   0.15295973E-02
  1143  -0.60063635E+01  -0.22438287E-02   0.15286474E-02
  1144  -0.60070444E+01  -0.22421997E-02   0.15276981E-02
  1145  -0.60077231E+01  -0.22405726E-02   0.15267494E-02
  1146  -0.60083998E+01  -0.22389473E-02   0.15258013E-02
  1147  -0.60090743E+01  -0.22373238E-02   0.15248538E-02
  1148  -0.60097467E+01  -0.22357022E-02   0.15239068E-02
  1149  -0.60104170E+01  -0.22340824E-02   0.15229605E-02
  1150  -0.60110851E+01  -0.22324645E-02   0.15220147E-02
  1151  -0.60117512E+01  -0.22308484E-02   0.15210696E-02
  1152  -0.60124152E+01  -0.22292341E-02   0.15201250E-02
  1153  -0.60130771E+01  -0.22276216E-02   0.15191811E-02
  1154  -0.60137369E+01  -0.22260110E-02   0.15182377E-02
  1155  -0.60143946E+01  -0.22244022E-02   0.15172949E-02
  1156  -0.60150502E+01  -0.22227952E-02   0.15163527E-02
  1157  -0.60157038E+01  -0.22211900E-02   0.15154112E-02
  1158  -0.60163553E+01  -0.22195866E-02   0.15144702E-02
  1159  -0.60170048E+01  -0.22179851E-02   0.15135298E-02
  1160  -0.60176522E+01  -0.22163853E-02   0.15125900E-02
  1161  -0.60182976E+01  -0.22147874E-02   0.15116508E-02
  1162  -0.60189409E+01  -0.22131913E-02   0.15107122E-02
  1163  -0.60195822E+01  -0.22115970E-02   0.15097742E-02
  1164  -0.60202215E+01  -0.22100045E-02   0.15088369E-02
  1165  -0.60208588E+01  -0.22084138E-02   0.15079001E-02
  1166  -0.60214940E+01  -0.22068249E-02   0.15069639E-02
  1167  -0.60221273E+01  -0.22052377E-02   0.15060283E-02
  1168  -0.60227585E+01  -0.22036524E-02   0.15050934E-02
  1169  -0.60233877E+01  -0.22020689E-02   0.15041590E-02
  1170  -0.60240150E+01  -0.22004872E-02   0.15032253E-02
  1171  -0.60246402E+01  -0.21989072E-02   0.15022921E-02
  1172  -0.60252635E+01  -0.21973290E-02   0.15013596E-02
  1173  -0.60258848E+01  -0.21957527E-02   0.15004276E-02
  1174  -0.60265042E+01  -0.21941781E-02   0.14994963E-02
  1175  -0.60271215E+01  -0.21926052E-02   0.14985656E-02
  1176  -0.60277369E+01  -0.21910342E-02   0.14976355E-02
  1177  -0.60283504E+01  -0.21894649E-02   0.14967060E-02
  1178  -0.60289619E+01  -0.21878974E-02   0.14957771E-02
  1179  -0.60295715E+01  -0.21863317E-02   0.14948489E-02
  1180  -0.60301791E+01  -0.21847678E-02   0.14939212E-02
  1181  -0.60307848E+01  -0.21832056E-02   0.14929942E-02
  1182  -0.60313886E+01  -0.21816451E-02   0.14920677E-02
  1183  -0.60319905E+01  -0.21800865E-02   0.14911419E-02
  1184  -0.60325904E+01  -0.21785296E-02   0.14902167E-02
  1185  -0.60331885E+01  -0.21769744E-02   0.14892921E-02
  1186  -0.60337846E+01  -0.21754210E-02   0.14883682E-02
  1187  -0.60343789E+01  -0.21738694E-02   0.14874448E-02
  1188  -0.60349712E+01  -0.21723195E-02   0.14865221E-02
  1189  -0.60355617E+01  -0.21707714E-02   0.14856000E-02
  1190  -0.60361503E+01  -0.21692250E-02   0.14846785E-02
  1191  -0.60367370E+01  -0.21676804E-02   0.14837576E-02
  1192  -0.60373218E+01  -0.21661375E-02   0.14828373E-02
  1193  -0.60379048E+01  -0.21645963E-02   0.14819177E-02
  1194  -0.60384859E+01  -0.21630569E-02   0.14809986E-02
  1195  -0.60390651E+01  -0.21615192E-02   0.14800802E-02
  1196  -0.60396426E+01  -0.21599833E-02   0.14791625E-02
  1197  -0.60402181E+01  -0.21584490E-02   0.14782453E-02
  1198  -0.60407919E+01  -0.21569166E-02   0.14773288E-02
  1199  -0.60413638E+01  -0.21553858E-02   0.14764129E-02
  1200  -0.60419338E+01  -0.21538568E-02   0.14754976E-02
  1201  -0.60425021E+01  -0.21523295E-02   0.14745829E-02
  1202  -0.60430685E+01  -0.21508039E-02   0.14736689E-02
  1203  -0.60436331E+01  -0.21492800E-02   0.14727555E-02
  1204  -0.60441959E+01  -0.21477579E-02   0.14718427E-02
  1205  -0.60447570E+01  -0.21462375E-02   0.14709305E-02
  1206  -0.60453162E+01  -0.21447188E-02   0.14700190E-02
  1207  -0.60458736E+01  -0.21432018E-02   0.14691081E-02
  1208  -0.60464292E+01  -0.21416865E-02   0.14681978E-02
  1209  -0.60469831E+01  -0.21401729E-02   0.14672882E-02
  1210  -0.60475352E+01  -0.21386610E-02   0.14663791E-02
  1211  -0.60480855E+01  -0.21371509E-02   0.14654707E-02
  1212  -0.60486341E+01  -0.21356424E-02   0.14645630E-02
  1213  -0.60491809E+01  -0.21341356E-02   0.14636558E-02
  1214  -0.60497259E+01  -0.21326306E-02   0.14627493E-02
  1215  -0.60502692E+01  -0.21311272E-02   0.14618435E-02
  1216  -0.60508107E+01  -0.21296255E-02   0.14609382E-02
  1217  -0.60513505E+01  -0.21281255E-02   0.14600336E-02
  1218  -0.60518886E+01  -0.21266272E-02   0.14591297E-02
  1219  -0.60524250E+01  -0.21251306E-02   0.14582263E-02
  1220  -0.60529596E+01  -0.21236357E-02   0.14573236E-02
  1221  -0.60534925E+01  -0.21221424E-02   0.14564215E-02
  1222  -0.60540237E+01  -0.21206509E-02   0.14555201E-02
  1223  -0.60545531E+01  -0.21191610E-02   0.14546193E-02
  1224  -0.60550809E+01  -0.21176728E-02   0.14537191E-02
  1225  -0.60556070E+01  -0.21161863E-02   0.14528196E-02
  1226  -0.60561314E+01  -0.21147014E-02   0.14519207E-02
  1227  -0.60566541E+01  -0.21132182E-02   0.14510224E-02
  1228  -0.60571751E+01  -0.21117367E-02   0.14501248E-02
  1229  -0.60576944E+01  -0.21102569E-02   0.14492278E-02
  1230  -0.60582120E+01  -0.21087787E-02   0.14483315E-02
  1231  -0.60587280E+01  -0.21073022E-02   0.14474358E-02
  1232  -0.60592424E+01  -0.21058273E-02   0.14465407E-02
  1233  -0.60597550E+01  -0.21043541E-02   0.14456463E-02
  1234  -0.60602660E+01  -0.21028826E-02   0.14447525E-02
  1235  -0.60607754E+01  -0.21014127E-02   0.14438593E-02
  1236  -0.60612831E+01  -0.20999445E-02   0.14429668E-02
  1237  -0.60617892E+01  -0.20984779E-02   0.14420750E-02
  1238  -0.60622936E+01  -0.20970130E-02   0.14411837E-02
  1239  -0.60627964E+01  -0.20955497E-02   0.14402931E-02
  1240  -0.60632976E+01  -0.20940880E-02   0.14394032E-02
  1241  -0.60637972E+01  -0.20926281E-02   0.14385139E-02
  1242  -0.60642951E+01  -0.20911697E-02   0.14376252E-02
  1243  -0.60647914E+01  -0.20897130E-02   0.14367372E-02
  1244  -0.60652862E+01  -0.20882579E-02   0.14358498E-02
  1245  -0.60657793E+01  -0.20868045E-02   0.14349631E-02
  1246  -0.60662708E+01  -0.20853527E-02   0.14340770E-02
  1247  -0.60667608E+01  -0.20839025E-02   0.14331916E-02
  1248  -0.60672491E+01  -0.20824540E-02   0.14323068E-02
  1249  -0.60677359E+01  -0.20810070E-02   0.14314226E-02
  1250  -0.60682211E+01  -0.20795618E-02   0.14305391E-02
  1251  -0.60687047E+01  -0.20781181E-02   0.14296562E-02
  1252  -0.60691867E+01  -0.20766760E-02   0.14287740E-02
  1253  -0.60696672E+01  -0.20752356E-02   0.14278925E-02
  1254  -0.60701462E+01  -0.20737968E-02   0.14270115E-02
  1255  -0.60706235E+01  -0.20723596E-02   0.14261312E-02
  1256  -0.60710993E+01  -0.20709241E-02   0.14252516E-02
  1257  -0.60715736E+01  -0.20694901E-02   0.14243726E-02
  1258  -0.60720464E+01  -0.20680577E-02   0.14234943E-02
  1259  -0.60725175E+01  -0.20666270E-02   0.14226166E-02
  1260  -0.60729872E+01  -0.20651979E-02   0.14217396E-02
  1261  -0.60734554E+01  -0.20637703E-02   0.14208632E-02
  1262  -0.60739220E+01  -0.20623444E-02   0.14199874E-02
  1263  -0.60743871E+01  -0.20609201E-02   0.14191123E-02
  1264  -0.60748507E+01  -0.20594973E-02   0.14182379E-02
  1265  -0.60753127E+01  -0.20580762E-02   0.14173641E-02
  1266  -0.60757733E+01  -0.20566566E-02   0.14164910E-02
  1267  -0.60762324E+01  -0.20552387E-02   0.14156185E-02
  1268  -0.60766899E+01  -0.20538223E-02   0.14147466E-02
  1269  -0.60771460E+01  -0.20524076E-02   0.14138754E-02
  1270  -0.60776006E+01  -0.20509944E-02   0.14130049E-02
  1271  -0.60780537E+01  -0.20495828E-02   0.14121350E-02
  1272  -0.60785054E+01  -0.20481728E-02   0.14112658E-02
  1273  -0.60789555E+01  -0.20467643E-02   0.14103972E-02
  1274  -0.60794042E+01  -0.20453575E-02   0.14095293E-02
  1275  -0.60798515E+01  -0.20439522E-02   0.14086620E-02
  1276  -0.60802972E+01  -0.20425485E-02   0.14077954E-02
  1277  -0.60807415E+01  -0.20411464E-02   0.14069294E-02
  1278  -0.60811844E+01  -0.20397458E-02   0.14060641E-02
  1279  -0.60816258E+01  -0.20383468E-02   0.14051994E-02
  1280  -0.60820658E+01  -0.20369494E-02   0.14043354E-02
  1281  -0.60825043E+01  -0.20355536E-02   0.14034720E-02
  1282  -0.60829414E+01  -0.20341593E-02   0.14026093E-02
  1283  -0.60833771E+01  -0.20327665E-02   0.14017473E-02
  1284  -0.60838114E+01  -0.20313754E-02   0.14008859E-02
  1285  -0.60842442E+01  -0.20299858E-02   0.14000251E-02
  1286  -0.60846756E+01  -0.20285977E-02   0.13991650E-02
  1287  -0.60851056E+01  -0.20272112E-02   0.13983056E-02
  1288  -0.60855342E+01  -0.20258263E-02   0.13974468E-02
  1289  -0.60859614E+01  -0.20244429E-02   0.13965887E-02
  1290  -0.60863871E+01  -0.20230610E-02   0.13957312E-02
  1291  -0.60868115E+01  -0.20216807E-02   0.13948744E-02
  1292  -0.60872345E+01  -0.20203020E-02   0.13940183E-02
  1293  -0.60876561E+01  -0.20189247E-02   0.13931628E-02
  1294  -0.60880764E+01  -0.20175491E-02   0.13923079E-02
  1295  -0.60884952E+01  -0.20161749E-02   0.13914537E-02
  1296  -0.60889127E+01  -0.20148024E-02   0.13906002E-02
  1297  -0.60893288E+01  -0.20134313E-02   0.13897473E-02
  1298  -0.60897435E+01  -0.20120618E-02   0.13888951E-02
  1299  -0.60901569E+01  -0.20106938E-02   0.13880436E-02
  1300  -0.60905689E+01  -0.20093273E-02   0.13871927E-02
  1301  -0.60909796E+01  -0.20079624E-02   0.13863424E-02
  1302  -0.60913889E+01  -0.20065990E-02   0.13854928E-02
  1303  -0.60917969E+01  -0.20052371E-02   0.13846439E-02
  1304  -0.60922035E+01  -0.20038767E-02   0.13837956E-02
  1305  -0.60926088E+01  -0.20025179E-02   0.13829480E-02
  1306  -0.60930127E+01  -0.20011606E-02   0.13821011E-02
  1307  -0.60934154E+01  -0.19998048E-02   0.13812548E-02
  1308  -0.60938167E+01  -0.19984505E-02   0.13804091E-02
  1309  -0.60942166E+01  -0.19970977E-02   0.13795642E-02
  1310  -0.60946153E+01  -0.19957464E-02   0.13787199E-02
  1311  -0.60950127E+01  -0.19943967E-02   0.13778762E-02
  1312  -0.60954087E+01  -0.19930484E-02   0.13770332E-02
  1313  -0.60958034E+01  -0.19917017E-02   0.13761909E-02
  1314  -0.60961969E+01  -0.19903564E-02   0.13753492E-02
  1315  -0.60965890E+01  -0.19890127E-02   0.13745082E-02
  1316  -0.60969798E+01  -0.19876705E-02   0.13736678E-02
  1317  -0.60973694E+01  -0.19863297E-02   0.13728281E-02
  1318  -0.60977577E+01  -0.19849905E-02   0.13719890E-02
  1319  -0.60981446E+01  -0.19836527E-02   0.13711507E-02
  1320  -0.60985303E+01  -0.19823165E-02   0.13703129E-02
  1321  -0.60989148E+01  -0.19809817E-02   0.13694759E-02
  1322  -0.60992979E+01  -0.19796485E-02   0.13686395E-02
  1323  -0.60996798E+01  -0.19783167E-02   0.13678037E-02
  1324  -0.61000605E+01  -0.19769864E-02   0.13669686E-02
  1325  -0.61004399E+01  -0.19756576E-02   0.13661342E-02
  1326  -0.61008180E+01  -0.19743302E-02   0.13653005E-02
  1327  -0.61011948E+01  -0.19730044E-02   0.13644674E-02
  1328  -0.61015705E+01  -0.19716800E-02   0.13636349E-02
  1329  -0.61019449E+01  -0.19703571E-02   0.13628031E-02
  1330  -0.61023180E+01  -0.19690357E-02   0.13619720E-02
  1331  -0.61026899E+01  -0.19677157E-02   0.13611416E-02
  1332  -0.61030606E+01  -0.19663972E-02   0.13603118E-02
  1333  -0.61034300E+01  -0.19650802E-02   0.13594826E-02
  1334  -0.61037983E+01  -0.19637647E-02   0.13586541E-02
  1335  -0.61041653E+01  -0.19624506E-02   0.13578263E-02
  1336  -0.61045311E+01  -0.19611380E-02   0.13569992E-02
  1337  -0.61048956E+01  -0.19598268E-02   0.13561727E-02
  1338  -0.61052590E+01  -0.19585171E-02   0.13553468E-02
  1339  -0.61056212E+01  -0.19572089E-02   0.13545217E-02
  1340  -0.61059821E+01  -0.19559021E-02   0.13536972E-02
  1341  -0.61063419E+01  -0.19545968E-02   0.13528733E-02
  1342  -0.61067005E+01  -0.19532929E-02   0.13520501E-02
  1343  -0.61070578E+01  -0.19519905E-02   0.13512276E-02
  1344  -0.61074140E+01  -0.19506896E-02   0.13504057E-02
  1345  -0.61077690E+01  -0.19493900E-02   0.13495845E-02
  1346  -0.61081229E+01  -0.19480920E-02   0.13487640E-02
  1347  -0.61084755E+01  -0.19467953E-02   0.13479441E-02
  1348  -0.61088270E+01  -0.19455001E-02   0.13471249E-02
  1349  -0.61091773E+01  -0.19442064E-02   0.13463063E-02
  1350  -0.61095265E+01  -0.19429141E-02   0.13454884E-02
  1351  -0.61098744E+01  -0.19416232E-02   0.13446712E-02
  1352  -0.61102213E+01  -0.19403338E-02   0.13438546E-02
  1353  -0.61105669E+01  -0.19390458E-02   0.13430387E-02
  1354  -0.61109115E+01  -0.19377592E-02   0.13422234E-02
  1355  -0.61112548E+01  -0.19364741E-02   0.13414088E-02
  1356  -0.61115971E+01  -0.19351903E-02   0.13405949E-02
  1357  -0.61119382E+01  -0.19339081E-02   0.13397816E-02
  1358  -0.61122781E+01  -0.19326272E-02   0.13389690E-02
  1359  -0.61126170E+01  -0.19313478E-02   0.13381571E-02
  1360  -0.61129546E+01  -0.19300697E-02   0.13373458E-02
  1361  -0.61132912E+01  -0.19287931E-02   0.13365352E-02
  1362  -0.61136267E+01  -0.19275180E-02   0.13357252E-02
  1363  -0.61139610E+01  -0.19262442E-02   0.13349159E-02
  1364  -0.61142942E+01  -0.19249718E-02   0.13341073E-02
  1365  -0.61146263E+01  -0.19237009E-02   0.13332993E-02
  1366  -0.61149573E+01  -0.19224314E-02   0.13324920E-02
  1367  -0.61152872E+01  -0.19211632E-02   0.13316853E-02
  1368  -0.61156160E+01  -0.19198965E-02   0.13308793E-02
  1369  -0.61159437E+01  -0.19186312E-02   0.13300740E-02
  1370  -0.61162702E+01  -0.19173673E-02   0.13292693E-02
  1371  -0.61165957E+01  -0.19161048E-02   0.13284653E-02
  1372  -0.61169202E+01  -0.19148437E-02   0.13276619E-02
  1373  -0.61172435E+01  -0.19135840E-02   0.13268592E-02
  1374  -0.61175657E+01  -0.19123257E-02   0.13260572E-02
  1375  -0.61178869E+01  -0.19110688E-02   0.13252558E-02
  1376  -0.61182070E+01  -0.19098133E-02   0.13244551E-02
  1377  -0.61185260E+01  -0.19085591E-02   0.13236551E-02
  1378  -0.61188440E+01  -0.19073064E-02   0.13228557E-02
  1379  -0.61191609E+01  -0.19060550E-02   0.13220569E-02
  1380  -0.61194767E+01  -0.19048051E-02   0.13212589E-02
  1381  -0.61197915E+01  -0.19035565E-02   0.13204614E-02
  1382  -0.61201052E+01  -0.19023093E-02   0.13196647E-02
  1383  -0.61204179E+01  -0.19010635E-02   0.13188686E-02
  1384  -0.61207295E+01  -0.18998190E-02   0.13180732E-02
  1385  -0.61210401E+01  -0.18985760E-02   0.13172784E-02
  1386  -0.61213496E+01  -0.18973343E-02   0.13164843E-02
  1387  -0.61216581E+01  -0.18960940E-02   0.13156908E-02
  1388  -0.61219656E+01  -0.18948550E-02   0.13148980E-02
  1389  -0.61222720E+01  -0.18936175E-02   0.13141059E-02
  1390  -0.61225774E+01  -0.18923813E-02   0.13133144E-02
  1391  -0.61228818E+01  -0.18911464E-02   0.13125236E-02
  1392  -0.61231851E+01  -0.18899130E-02   0.13117334E-02
  1393  -0.61234875E+01  -0.18886809E-02   0.13109439E-02
  1394  -0.61237888E+01  -0.18874501E-02   0.13101551E-02
  1395  -0.61240891E+01  -0.18862207E-02   0.13093669E-02
  1396  -0.61243884E+01  -0.18849927E-02   0.13085794E-02
  1397  -0.61246867E+01  -0.18837660E-02   0.13077925E-02
  1398  -0.61249840E+01  -0.18825407E-02   0.13070063E-02
  1399  -0.61252803E+01  -0.18813168E-02   0.13062208E-02
  1400  -0.61255756E+01  -0.18800942E-02   0.13054359E-02
  1401  -0.61258699E+01  -0.18788729E-02   0.13046517E-02
  1402  -0.61261632E+01  -0.18776530E-02   0.13038681E-02
  1403  -0.61264555E+01  -0.18764345E-02   0.13030852E-02
  1404  -0.61267469E+01  -0.18752172E-02   0.13023029E-02
  1405  -0.61270372E+01  -0.18740014E-02   0.13015213E-02
  1406  -0.61273266E+01  -0.18727868E-02   0.13007404E-02
  1407  -0.61276150E+01  -0.18715736E-02   0.12999601E-02
  1408  -0.61279024E+01  -0.18703618E-02   0.12991804E-02
  1409  -0.61281889E+01  -0.18691513E-02   0.12984015E-02
  1410  -0.61284744E+01  -0.18679421E-02   0.12976231E-02
  1411  -0.61287590E+01  -0.18667343E-02   0.12968455E-02
  1412  -0.61290425E+01  -0.18655277E-02   0.12960685E-02
  1413  -0.61293252E+01  -0.18643226E-02   0.12952921E-02
  1414  -0.61296068E+01  -0.18631187E-02   0.12945164E-02
  1415  -0.61298876E+01  -0.18619162E-02   0.12937414E-02
  1416  -0.61301673E+01  -0.18607150E-02   0.12929670E-02
  1417  -0.61304462E+01  -0.18595151E-02   0.12921933E-02
  1418  -0.61307241E+01  -0.18583165E-02   0.12914202E-02
  1419  -0.61310010E+01  -0.18571193E-02   0.12906478E-02
  1420  -0.61312770E+01  -0.18559234E-02   0.12898761E-02
  1421  -0.61315521E+01  -0.18547288E-02   0.12891050E-02
  1422  -0.61318263E+01  -0.18535355E-02   0.12883345E-02
  1423  -0.61320995E+01  -0.18523435E-02   0.12875647E-02
  1424  -0.61323718E+01  -0.18511528E-02   0.12867956E-02
  1425  -0.61326432E+01  -0.18499635E-02   0.12860271E-02
  1426  -0.61329136E+01  -0.18487754E-02   0.12852592E-02
  1427  -0.61331832E+01  -0.18475887E-02   0.12844921E-02
  1428  -0.61334518E+01  -0.18464033E-02   0.12837255E-02
  1429  -0.61337196E+01  -0.18452191E-02   0.12829597E-02
  1430  -0.61339864E+01  -0.18440363E-02   0.12821945E-02
  1431  -0.61342523E+01  -0.18428548E-02   0.12814299E-02
  1432  -0.61345173E+01  -0.18416745E-02   0.12806660E-02
  1433  -0.61347815E+01  -0.18404956E-02   0.12799027E-02
  1434  -0.61350447E+01  -0.18393180E-02   0.12791401E-02
  1435  -0.61353070E+01  -0.18381416E-02   0.12783782E-02
  1436  -0.61355685E+01  -0.18369666E-02   0.12776168E-02
  1437  -0.61358290E+01  -0.18357928E-02   0.12768562E-02
  1438  -0.61360887E+01  -0.18346203E-02   0.12760962E-02
  1439  -0.61363475E+01  -0.18334492E-02   0.12753368E-02
  1440  -0.61366054E+01  -0.18322792E-02   0.12745781E-02
  1441  -0.61368625E+01  -0.18311106E-02   0.12738201E-02
  1442  -0.61371187E+01  -0.18299433E-02   0.12730627E-02
  1443  -0.61373740E+01  -0.18287772E-02   0.12723060E-02
  1444  -0.61376284E+01  -0.18276125E-02   0.12715499E-02
  1445  -0.61378820E+01  -0.18264490E-02   0.12707944E-02
  1446  -0.61381347E+01  -0.18252867E-02   0.12700396E-02
  1447  -0.61383866E+01  -0.18241258E-02   0.12692855E-02
  1448  -0.61386376E+01  -0.18229661E-02   0.12685320E-02
  1449  -0.61388877E+01  -0.18218077E-02   0.12677791E-02
  1450  -0.61391370E+01  -0.18206506E-02   0.12670269E-02
  1451  -0.61393855E+01  -0.18194947E-02   0.12662754E-02
  1452  -0.61396331E+01  -0.18183401E-02   0.12655245E-02
  1453  -0.61398798E+01  -0.18171868E-02   0.12647742E-02
  1454  -0.61401258E+01  -0.18160347E-02   0.12640246E-02
  1455  -0.61403709E+01  -0.18148839E-02   0.12632757E-02
  1456  -0.61406151E+01  -0.18137343E-02   0.12625274E-02
  1457  -0.61408585E+01  -0.18125860E-02   0.12617797E-02
  1458  -0.61411011E+01  -0.18114390E-02   0.12610327E-02
  1459  -0.61413429E+01  -0.18102932E-02   0.12602863E-02
  1460  -0.61415838E+01  -0.18091487E-02   0.12595406E-02
  1461  -0.61418240E+01  -0.18080054E-02   0.12587955E-02
  1462  -0.61420633E+01  -0.18068634E-02   0.12580511E-02
  1463  -0.61423018E+01  -0.18057226E-02   0.12573073E-02
  1464  -0.61425395E+01  -0.18045830E-02   0.12565642E-02
  1465  -0.61427763E+01  -0.18034448E-02   0.12558217E-02
  1466  -0.61430124E+01  -0.18023077E-02   0.12550798E-02
  1467  -0.61432477E+01  -0.18011719E-02   0.12543386E-02
  1468  -0.61434821E+01  -0.18000373E-02   0.12535981E-02
  1469  -0.61437158E+01  -0.17989040E-02   0.12528582E-02
  1470  -0.61439486E+01  -0.17977719E-02   0.12521189E-02
  1471  -0.61441807E+01  -0.17966411E-02   0.12513803E-02
  1472  -0.61444120E+01  -0.17955115E-02   0.12506423E-02
  1473  -0.61446425E+01  -0.17943831E-02   0.12499049E-02
  1474  -0.61448722E+01  -0.17932559E-02   0.12491682E-02
  1475  -0.61451011E+01  -0.17921300E-02   0.12484322E-02
  1476  -0.61453292E+01  -0.17910053E-02   0.12476968E-02
  1477  -0.61455566E+01  -0.17898818E-02   0.12469620E-02
  1478  -0.61457832E+01  -0.17887596E-02   0.12462279E-02
  1479  -0.61460090E+01  -0.17876386E-02   0.12454944E-02
  1480  -0.61462340E+01  -0.17865188E-02   0.12447615E-02
  1481  -0.61464583E+01  -0.17854002E-02   0.12440293E-02
  1482  -0.61466818E+01  -0.17842828E-02   0.12432978E-02
  1483  -0.61469045E+01  -0.17831667E-02   0.12425668E-02
  1484  -0.61471265E+01  -0.17820518E-02   0.12418366E-02
  1485  -0.61473477E+01  -0.17809380E-02   0.12411069E-02
  1486  -0.61475681E+01  -0.17798255E-02   0.12403779E-02
  1487  -0.61477878E+01  -0.17787142E-02   0.12396495E-02
  1488  -0.61480068E+01  -0.17776042E-02   0.12389218E-02
  1489  -0.61482250E+01  -0.17764953E-02   0.12381947E-02
  1490  -0.61484424E+01  -0.17753876E-02   0.12374683E-02
  1491  -0.61486591E+01  -0.17742812E-02   0.12367425E-02
  1492  -0.61488751E+01  -0.17731759E-02   0.12360173E-02
  1493  -0.61490903E+01  -0.17720718E-02   0.12352927E-02
  1494  -0.61493048E+01  -0.17709690E-02   0.12345688E-02
  1495  -0.61495186E+01  -0.17698673E-02   0.12338456E-02
  1496  -0.61497316E+01  -0.17687668E-02   0.12331229E-02
  1497  -0.61499439E+01  -0.17676676E-02   0.12324010E-02
  1498  -0.61501555E+01  -0.17665695E-02   0.12316796E-02
  1499  -0.61503663E+01  -0.17654726E-02   0.12309589E-02
  1500  -0.61505764E+01  -0.17643769E-02   0.12302388E-02
  1501  -0.61507858E+01  -0.17632824E-02   0.12295193E-02
  1502  -0.61509945E+01  -0.17621891E-02   0.12288005E-02
  1503  -0.61512024E+01  -0.17610970E-02   0.12280823E-02
  1504  -0.61514097E+01  -0.17600060E-02   0.12273648E-02
  1505  -0.61516162E+01  -0.17589163E-02   0.12266479E-02
  1506  -0.61518220E+01  -0.17578277E-02   0.12259316E-02
  1507  -0.61520272E+01  -0.17567403E-02   0.12252159E-02
  1508  -0.61522316E+01  -0.17556541E-02   0.12245009E-02
  1509  -0.61524353E+01  -0.17545690E-02   0.12237865E-02
  1510  -0.61526383E+01  -0.17534852E-02   0.12230728E-02
  1511  -0.61528406E+01  -0.17524025E-02   0.12223597E-02
  1512  -0.61530422E+01  -0.17513210E-02   0.12216472E-02
  1513  -0.61532431E+01  -0.17502406E-02   0.12209353E-02
  1514  -0.61534434E+01  -0.17491614E-02   0.12202241E-02
  1515  -0.61536429E+01  -0.17480834E-02   0.12195135E-02
  1516  -0.61538418E+01  -0.17470066E-02   0.12188035E-02
  1517  -0.61540400E+01  -0.17459309E-02   0.12180942E-02
  1518  -0.61542375E+01  -0.17448564E-02   0.12173855E-02
  1519  -0.61544343E+01  -0.17437830E-02   0.12166774E-02
  1520  -0.61546304E+01  -0.17427108E-02   0.12159699E-02
  1521  -0.61548259E+01  -0.17416398E-02   0.12152631E-02
  1522  -0.61550206E+01  -0.17405699E-02   0.12145569E-02
  1523  -0.61552148E+01  -0.17395012E-02   0.12138514E-02
  1524  -0.61554082E+01  -0.17384336E-02   0.12131464E-02
  1525  -0.61556010E+01  -0.17373672E-02   0.12124421E-02
  1526  -0.61557931E+01  -0.17363020E-02   0.12117384E-02
  1527  -0.61559846E+01  -0.17352379E-02   0.12110353E-02
  1528  -0.61561754E+01  -0.17341749E-02   0.12103329E-02
  1529  -0.61563655E+01  -0.17331131E-02   0.12096311E-02
  1530  -0.61565550E+01  -0.17320524E-02   0.12089299E-02
  1531  -0.61567438E+01  -0.17309929E-02   0.12082293E-02
  1532  -0.61569320E+01  -0.17299345E-02   0.12075294E-02
  1533  -0.61571195E+01  -0.17288773E-02   0.12068301E-02
  1534  -0.61573064E+01  -0.17278212E-02   0.12061314E-02
  1535  -0.61574926E+01  -0.17267662E-02   0.12054333E-02
  1536  -0.61576782E+01  -0.17257124E-02   0.12047359E-02
  1537  -0.61578632E+01  -0.17246597E-02   0.12040391E-02
  1538  -0.61580475E+01  -0.17236081E-02   0.12033429E-02
  1539  -0.61582312E+01  -0.17225577E-02   0.12026473E-02
  1540  -0.61584142E+01  -0.17215084E-02   0.12019523E-02
  1541  -0.61585966E+01  -0.17204602E-02   0.12012580E-02
  1542  -0.61587784E+01  -0.17194132E-02   0.12005643E-02
  1543  -0.61589596E+01  -0.17183673E-02   0.11998712E-02
  1544  -0.61591401E+01  -0.17173225E-02   0.11991787E-02
  1545  -0.61593200E+01  -0.17162789E-02   0.11984869E-02
  1546  -0.61594993E+01  -0.17152363E-02   0.11977956E-02
  1547  -0.61596779E+01  -0.17141949E-02   0.11971050E-02
  1548  -0.61598560E+01  -0.17131546E-02   0.11964150E-02
  1549  -0.61600334E+01  -0.17121154E-02   0.11957256E-02
  1550  -0.61602102E+01  -0.17110774E-02   0.11950369E-02
  1551  -0.61603864E+01  -0.17100404E-02   0.11943487E-02
  1552  -0.61605620E+01  -0.17090046E-02   0.11936612E-02
  1553  -0.61607370E+01  -0.17079699E-02   0.11929743E-02
  1554  -0.61609114E+01  -0.17069363E-02   0.11922880E-02
  1555  -0.61610852E+01  -0.17059038E-02   0.11916023E-02
  1556  -0.61612583E+01  -0.17048724E-02   0.11909172E-02
  1557  -0.61614309E+01  -0.17038421E-02   0.11902328E-02
  1558  -0.61616029E+01  -0.17028129E-02   0.11895490E-02
  1559  -0.61617743E+01  -0.17017848E-02   0.11888657E-02
  1560  -0.61619450E+01  -0.17007578E-02   0.11881831E-02
  1561  -0.61621152E+01  -0.16997320E-02   0.11875011E-02
  1562  -0.61622848E+01  -0.16987072E-02   0.11868198E-02
  1563  -0.61624539E+01  -0.16976835E-02   0.11861390E-02
  1564  -0.61626223E+01  -0.16966609E-02   0.11854588E-02
  1565  -0.61627901E+01  -0.16956395E-02   0.11847793E-02
  1566  -0.61629574E+01  -0.16946191E-02   0.11841004E-02
  1567  -0.61631241E+01  -0.16935998E-02   0.11834220E-02
  1568  -0.61632902E+01  -0.16925816E-02   0.11827443E-02
  1569  -0.61634557E+01  -0.16915644E-02   0.11820672E-02
  1570  -0.61636207E+01  -0.16905484E-02   0.11813907E-02
  1571  -0.61637850E+01  -0.16895335E-02   0.11807148E-02
  1572  -0.61639488E+01  -0.16885196E-02   0.11800396E-02
  1573  -0.61641121E+01  -0.16875068E-02   0.11793649E-02
  1574  -0.61642748E+01  -0.16864951E-02   0.11786908E-02
  1575  -0.61644369E+01  -0.16854845E-02   0.11780174E-02
  1576  -0.61645984E+01  -0.16844750E-02   0.11773446E-02
  1577  -0.61647594E+01  -0.16834665E-02   0.11766723E-02
  1578  -0.61649198E+01  -0.16824591E-02   0.11760007E-02
  1579  -0.61650797E+01  -0.16814528E-02   0.11753297E-02
  1580  -0.61652390E+01  -0.16804476E-02   0.11746593E-02
  1581  -0.61653978E+01  -0.16794435E-02   0.11739894E-02
  1582  -0.61655560E+01  -0.16784404E-02   0.11733202E-02
  1583  -0.61657136E+01  -0.16774384E-02   0.11726516E-02
  1584  -0.61658707E+01  -0.16764374E-02   0.11719836E-02
  1585  -0.61660273E+01  -0.16754375E-02   0.11713163E-02
  1586  -0.61661833E+01  -0.16744387E-02   0.11706495E-02
  1587  -0.61663388E+01  -0.16734410E-02   0.11699833E-02
  1588  -0.61664937E+01  -0.16724443E-02   0.11693177E-02
  1589  -0.61666481E+01  -0.16714487E-02   0.11686527E-02
  1590  -0.61668020E+01  -0.16704541E-02   0.11679883E-02
  1591  -0.61669553E+01  -0.16694606E-02   0.11673245E-02
  1592  -0.61671081E+01  -0.16684681E-02   0.11666614E-02
  1593  -0.61672603E+01  -0.16674767E-02   0.11659988E-02
  1594  -0.61674120E+01  -0.16664864E-02   0.11653368E-02
  1595  -0.61675632E+01  -0.16654971E-02   0.11646754E-02
  1596  -0.61677139E+01  -0.16645089E-02   0.11640147E-02
  1597  -0.61678640E+01  -0.16635217E-02   0.11633545E-02
  1598  -0.61680137E+01  -0.16625356E-02   0.11626949E-02
  1599  -0.61681628E+01  -0.16615505E-02   0.11620359E-02
  1600  -0.61683113E+01  -0.16605664E-02   0.11613775E-02
  1601  -0.61684594E+01  -0.16595834E-02   0.11607197E-02
  1602  -0.61686069E+01  -0.16586015E-02   0.11600625E-02
  1603  -0.61687540E+01  -0.16576206E-02   0.11594059E-02
  1604  -0.61689005E+01  -0.16566407E-02   0.11587499E-02
  1605  -0.61690465E+01  -0.16556619E-02   0.11580945E-02
  1606  -0.61691920E+01  -0.16546841E-02   0.11574397E-02
  1607  -0.61693370E+01  -0.16537074E-02   0.11567855E-02
  1608  -0.61694814E+01  -0.16527316E-02   0.11561319E-02
  1609  -0.61696254E+01  -0.16517570E-02   0.11554788E-02
  1610  -0.61697689E+01  -0.16507833E-02   0.11548264E-02
  1611  -0.61699119E+01  -0.16498107E-02   0.11541746E-02
  1612  -0.61700543E+01  -0.16488391E-02   0.11535233E-02
  1613  -0.61701963E+01  -0.16478685E-02   0.11528726E-02
  1614  -0.61703378E+01  -0.16468990E-02   0.11522226E-02
  1615  -0.61704788E+01  -0.16459305E-02   0.11515731E-02
  1616  -0.61706193E+01  -0.16449630E-02   0.11509242E-02
  1617  -0.61707593E+01  -0.16439966E-02   0.11502759E-02
  1618  -0.61708988E+01  -0.16430311E-02   0.11496282E-02
  1619  -0.61710378E+01  -0.16420667E-02   0.11489811E-02
  1620  -0.61711763E+01  -0.16411033E-02   0.11483345E-02
  1621  -0.61713144E+01  -0.16401409E-02   0.11476886E-02
  1622  -0.61714519E+01  -0.16391796E-02   0.11470432E-02
  1623  -0.61715890E+01  -0.16382192E-02   0.11463985E-02
  1624  -0.61717256E+01  -0.16372599E-02   0.11457543E-02
  1625  -0.61718618E+01  -0.16363016E-02   0.11451107E-02
  1626  -0.61719974E+01  -0.16353443E-02   0.11444677E-02
  1627  -0.61721326E+01  -0.16343880E-02   0.11438253E-02
  1628  -0.61722673E+01  -0.16334327E-02   0.11431834E-02
  1629  -0.61724015E+01  -0.16324784E-02   0.11425422E-02
  1630  -0.61725353E+01  -0.16315251E-02   0.11419015E-02
  1631  -0.61726686E+01  -0.16305729E-02   0.11412614E-02
  1632  -0.61728014E+01  -0.16296216E-02   0.11406219E-02
  1633  -0.61729338E+01  -0.16286714E-02   0.11399830E-02
  1634  -0.61730657E+01  -0.16277221E-02   0.11393447E-02
  1635  -0.61731971E+01  -0.16267738E-02   0.11387069E-02
  1636  -0.61733281E+01  -0.16258266E-02   0.11380698E-02
  1637  -0.61734586E+01  -0.16248803E-02   0.11374332E-02
  1638  -0.61735887E+01  -0.16239350E-02   0.11367972E-02
  1639  -0.61737183E+01  -0.16229908E-02   0.11361617E-02
  1640  -0.61738474E+01  -0.16220475E-02   0.11355269E-02
  1641  -0.61739761E+01  -0.16211052E-02   0.11348926E-02
  1642  -0.61741044E+01  -0.16201639E-02   0.11342589E-02
  1643  -0.61742321E+01  -0.16192236E-02   0.11336258E-02
  1644  -0.61743595E+01  -0.16182843E-02   0.11329933E-02
  1645  -0.61744864E+01  -0.16173459E-02   0.11323613E-02
  1646  -0.61746128E+01  -0.16164086E-02   0.11317299E-02
  1647  -0.61747389E+01  -0.16154722E-02   0.11310991E-02
  1648  -0.61748644E+01  -0.16145368E-02   0.11304689E-02
  1649  -0.61749895E+01  -0.16136024E-02   0.11298392E-02
  1650  -0.61751142E+01  -0.16126690E-02   0.11292102E-02
  1651  -0.61752385E+01  -0.16117366E-02   0.11285817E-02
  1652  -0.61753623E+01  -0.16108051E-02   0.11279537E-02
  1653  -0.61754857E+01  -0.16098746E-02   0.11273264E-02
  1654  -0.61756086E+01  -0.16089451E-02   0.11266996E-02
  1655  -0.61757311E+01  -0.16080166E-02   0.11260734E-02
  1656  -0.61758532E+01  -0.16070890E-02   0.11254478E-02
  1657  -0.61759748E+01  -0.16061624E-02   0.11248227E-02
  1658  -0.61760961E+01  -0.16052368E-02   0.11241982E-02
  1659  -0.61762169E+01  -0.16043121E-02   0.11235743E-02
  1660  -0.61763372E+01  -0.16033884E-02   0.11229509E-02
  1661  -0.61764572E+01  -0.16024657E-02   0.11223282E-02
  1662  -0.61765767E+01  -0.16015440E-02   0.11217059E-02
  1663  -0.61766958E+01  -0.16006232E-02   0.11210843E-02
  1664  -0.61768145E+01  -0.15997033E-02   0.11204632E-02
  1665  -0.61769328E+01  -0.15987845E-02   0.11198427E-02
  1666  -0.61770506E+01  -0.15978666E-02   0.11192228E-02
  1667  -0.61771681E+01  -0.15969496E-02   0.11186034E-02
  1668  -0.61772851E+01  -0.15960336E-02   0.11179846E-02
  1669  -0.61774017E+01  -0.15951186E-02   0.11173664E-02
  1670  -0.61775179E+01  -0.15942045E-02   0.11167487E-02
  1671  -0.61776337E+01  -0.15932914E-02   0.11161316E-02
  1672  -0.61777491E+01  -0.15923792E-02   0.11155151E-02
  1673  -0.61778641E+01  -0.15914680E-02   0.11148991E-02
  1674  -0.61779786E+01  -0.15905577E-02   0.11142837E-02
  1675  -0.61780928E+01  -0.15896484E-02   0.11136688E-02
  1676  -0.61782066E+01  -0.15887400E-02   0.11130546E-02
  1677  -0.61783199E+01  -0.15878326E-02   0.11124408E-02
  1678  -0.61784329E+01  -0.15869261E-02   0.11118277E-02
  1679  -0.61785455E+01  -0.15860205E-02   0.11112151E-02
  1680  -0.61786576E+01  -0.15851159E-02   0.11106030E-02
  1681  -0.61787694E+01  -0.15842123E-02   0.11099916E-02
  1682  -0.61788808E+01  -0.15833096E-02   0.11093806E-02
  1683  -0.61789918E+01  -0.15824078E-02   0.11087703E-02
  1684  -0.61791024E+01  -0.15815070E-02   0.11081605E-02
  1685  -0.61792126E+01  -0.15806070E-02   0.11075513E-02
  1686  -0.61793224E+01  -0.15797081E-02   0.11069426E-02
  1687  -0.61794318E+01  -0.15788100E-02   0.11063345E-02
  1688  -0.61795409E+01  -0.15779129E-02   0.11057269E-02
  1689  -0.61796495E+01  -0.15770168E-02   0.11051199E-02
  1690  -0.61797578E+01  -0.15761215E-02   0.11045134E-02
  1691  -0.61798657E+01  -0.15752272E-02   0.11039075E-02
  1692  -0.61799732E+01  -0.15743338E-02   0.11033022E-02
  1693  -0.61800803E+01  -0.15734414E-02   0.11026974E-02
  1694  -0.61801871E+01  -0.15725498E-02   0.11020932E-02
  1695  -0.61802935E+01  -0.15716592E-02   0.11014895E-02
  1696  -0.61803995E+01  -0.15707696E-02   0.11008864E-02
  1697  -0.61805051E+01  -0.15698808E-02   0.11002838E-02
  1698  -0.61806104E+01  -0.15689930E-02   0.10996818E-02
  1699  -0.61807152E+01  -0.15681060E-02   0.10990804E-02
  1700  -0.61808197E+01  -0.15672200E-02   0.10984795E-02
  1701  -0.61809239E+01  -0.15663349E-02   0.10978791E-02
  1702  -0.61810277E+01  -0.15654508E-02   0.10972793E-02
  1703  -0.61811311E+01  -0.15645675E-02   0.10966800E-02
  1704  -0.61812341E+01  -0.15636852E-02   0.10960813E-02
  1705  -0.61813368E+01  -0.15628037E-02   0.10954832E-02
  1706  -0.61814391E+01  -0.15619232E-02   0.10948856E-02
  1707  -0.61815410E+01  -0.15610436E-02   0.10942885E-02
  1708  -0.61816426E+01  -0.15601649E-02   0.10936920E-02
  1709  -0.61817439E+01  -0.15592871E-02   0.10930960E-02
  1710  -0.61818447E+01  -0.15584102E-02   0.10925006E-02
  1711  -0.61819453E+01  -0.15575342E-02   0.10919057E-02
  1712  -0.61820454E+01  -0.15566592E-02   0.10913114E-02
  1713  -0.61821452E+01  -0.15557850E-02   0.10907176E-02
  1714  -0.61822447E+01  -0.15549117E-02   0.10901244E-02
  1715  -0.61823438E+01  -0.15540393E-02   0.10895317E-02
  1716  -0.61824425E+01  -0.15531679E-02   0.10889395E-02
  1717  -0.61825409E+01  -0.15522973E-02   0.10883479E-02
  1718  -0.61826390E+01  -0.15514276E-02   0.10877569E-02
  1719  -0.61827367E+01  -0.15505588E-02   0.10871664E-02
  1720  -0.61828340E+01  -0.15496909E-02   0.10865764E-02
  1721  -0.61829310E+01  -0.15488239E-02   0.10859869E-02
  1722  -0.61830277E+01  -0.15479578E-02   0.10853981E-02
  1723  -0.61831240E+01  -0.15470926E-02   0.10848097E-02
  1724  -0.61832200E+01  -0.15462283E-02   0.10842219E-02
  1725  -0.61833156E+01  -0.15453649E-02   0.10836346E-02
  1726  -0.61834109E+01  -0.15445023E-02   0.10830479E-02
  1727  -0.61835059E+01  -0.15436406E-02   0.10824617E-02
  1728  -0.61836005E+01  -0.15427799E-02   0.10818760E-02
  1729  -0.61836948E+01  -0.15419200E-02   0.10812909E-02
  1730  -0.61837888E+01  -0.15410610E-02   0.10807063E-02
  1731  -0.61838824E+01  -0.15402028E-02   0.10801223E-02
  1732  -0.61839757E+01  -0.15393456E-02   0.10795388E-02
  1733  -0.61840687E+01  -0.15384892E-02   0.10789558E-02
  1734  -0.61841613E+01  -0.15376337E-02   0.10783734E-02
  1735  -0.61842536E+01  -0.15367791E-02   0.10777915E-02
  1736  -0.61843456E+01  -0.15359254E-02   0.10772101E-02
  1737  -0.61844372E+01  -0.15350725E-02   0.10766293E-02
  1738  -0.61845286E+01  -0.15342205E-02   0.10760490E-02
  1739  -0.61846196E+01  -0.15333694E-02   0.10754692E-02
  1740  -0.61847102E+01  -0.15325192E-02   0.10748900E-02
  1741  -0.61848006E+01  -0.15316698E-02   0.10743113E-02
  1742  -0.61848906E+01  -0.15308213E-02   0.10737331E-02
  1743  -0.61849803E+01  -0.15299736E-02   0.10731555E-02
  1744  -0.61850697E+01  -0.15291269E-02   0.10725784E-02
  1745  -0.61851588E+01  -0.15282810E-02   0.10720018E-02
  1746  -0.61852476E+01  -0.15274359E-02   0.10714257E-02
  1747  -0.61853360E+01  -0.15265917E-02   0.10708502E-02
  1748  -0.61854241E+01  -0.15257484E-02   0.10702752E-02
  1749  -0.61855120E+01  -0.15249060E-02   0.10697007E-02
  1750  -0.61855995E+01  -0.15240644E-02   0.10691268E-02
  1751  -0.61856867E+01  -0.15232236E-02   0.10685534E-02
  1752  -0.61857735E+01  -0.15223838E-02   0.10679805E-02
  1753  -0.61858601E+01  -0.15215447E-02   0.10674082E-02
  1754  -0.61859464E+01  -0.15207066E-02   0.10668363E-02
  1755  -0.61860323E+01  -0.15198693E-02   0.10662650E-02
  1756  -0.61861180E+01  -0.15190328E-02   0.10656942E-02
  1757  -0.61862033E+01  -0.15181972E-02   0.10651240E-02
  1758  -0.61862884E+01  -0.15173624E-02   0.10645543E-02
  1759  -0.61863731E+01  -0.15165285E-02   0.10639850E-02
  1760  -0.61864576E+01  -0.15156955E-02   0.10634164E-02
  1761  -0.61865417E+01  -0.15148633E-02   0.10628482E-02
  1762  -0.61866256E+01  -0.15140319E-02   0.10622805E-02
  1763  -0.61867091E+01  -0.15132014E-02   0.10617134E-02
  1764  -0.61867923E+01  -0.15123717E-02   0.10611468E-02
  1765  -0.61868753E+01  -0.15115429E-02   0.10605807E-02
  1766  -0.61869579E+01  -0.15107149E-02   0.10600152E-02
  1767  -0.61870403E+01  -0.15098877E-02   0.10594501E-02
  1768  -0.61871224E+01  -0.15090614E-02   0.10588856E-02
  1769  -0.61872041E+01  -0.15082360E-02   0.10583216E-02
  1770  -0.61872856E+01  -0.15074113E-02   0.10577581E-02
  1771  -0.61873668E+01  -0.15065875E-02   0.10571952E-02
  1772  -0.61874477E+01  -0.15057646E-02   0.10566327E-02
  1773  -0.61875283E+01  -0.15049425E-02   0.10560708E-02
  1774  -0.61876087E+01  -0.15041212E-02   0.10555093E-02
  1775  -0.61876887E+01  -0.15033007E-02   0.10549484E-02
  1776  -0.61877685E+01  -0.15024811E-02   0.10543880E-02
  1777  -0.61878479E+01  -0.15016623E-02   0.10538282E-02
  1778  -0.61879271E+01  -0.15008443E-02   0.10532688E-02
  1779  -0.61880060E+01  -0.15000272E-02   0.10527100E-02
  1780  -0.61880846E+01  -0.14992109E-02   0.10521516E-02
  1781  -0.61881630E+01  -0.14983954E-02   0.10515938E-02
  1782  -0.61882411E+01  -0.14975807E-02   0.10510365E-02
  1783  -0.61883188E+01  -0.14967669E-02   0.10504797E-02
  1784  -0.61883963E+01  -0.14959538E-02   0.10499234E-02
  1785  -0.61884736E+01  -0.14951417E-02   0.10493676E-02
  1786  -0.61885505E+01  -0.14943303E-02   0.10488124E-02
  1787  -0.61886272E+01  -0.14935197E-02   0.10482576E-02
  1788  -0.61887036E+01  -0.14927100E-02   0.10477033E-02
  1789  -0.61887798E+01  -0.14919011E-02   0.10471496E-02
  1790  -0.61888556E+01  -0.14910929E-02   0.10465964E-02
  1791  -0.61889312E+01  -0.14902857E-02   0.10460436E-02
  1792  -0.61890065E+01  -0.14894792E-02   0.10454914E-02
  1793  -0.61890816E+01  -0.14886735E-02   0.10449397E-02
  1794  -0.61891564E+01  -0.14878687E-02   0.10443885E-02
  1795  -0.61892309E+01  -0.14870646E-02   0.10438378E-02
  1796  -0.61893051E+01  -0.14862614E-02   0.10432876E-02
  1797  -0.61893791E+01  -0.14854590E-02   0.10427379E-02
  1798  -0.61894529E+01  -0.14846573E-02   0.10421887E-02
  1799  -0.61895263E+01  -0.14838565E-02   0.10416401E-02
  1800  -0.61895995E+01  -0.14830565E-02   0.10410919E-02
  1801  -0.61896724E+01  -0.14822573E-02   0.10405442E-02
  1802  -0.61897451E+01  -0.14814589E-02   0.10399970E-02
  1803  -0.61898175E+01  -0.14806613E-02   0.10394503E-02
  1804  -0.61898897E+01  -0.14798645E-02   0.10389042E-02
  1805  -0.61899616E+01  -0.14790686E-02   0.10383585E-02
  1806  -0.61900332E+01  -0.14782734E-02   0.10378133E-02
  1807  -0.61901046E+01  -0.14774790E-02   0.10372687E-02
  1808  -0.61901757E+01  -0.14766854E-02   0.10367245E-02
  1809  -0.61902466E+01  -0.14758926E-02   0.10361808E-02
  1810  -0.61903172E+01  -0.14751005E-02   0.10356376E-02
  1811  -0.61903876E+01  -0.14743093E-02   0.10350950E-02
  1812  -0.61904577E+01  -0.14735189E-02   0.10345528E-02
  1813  -0.61905276E+01  -0.14727293E-02   0.10340111E-02
  1814  -0.61905972E+01  -0.14719404E-02   0.10334699E-02
  1815  -0.61906666E+01  -0.14711524E-02   0.10329292E-02
  1816  -0.61907357E+01  -0.14703651E-02   0.10323890E-02
  1817  -0.61908046E+01  -0.14695787E-02   0.10318493E-02
  1818  -0.61908732E+01  -0.14687930E-02   0.10313101E-02
  1819  -0.61909416E+01  -0.14680081E-02   0.10307714E-02
  1820  -0.61910097E+01  -0.14672240E-02   0.10302332E-02
  1821  -0.61910776E+01  -0.14664406E-02   0.10296955E-02
  1822  -0.61911452E+01  -0.14656581E-02   0.10291582E-02
  1823  -0.61912126E+01  -0.14648763E-02   0.10286215E-02
  1824  -0.61912798E+01  -0.14640953E-02   0.10280852E-02
  1825  -0.61913467E+01  -0.14633151E-02   0.10275495E-02
  1826  -0.61914134E+01  -0.14625357E-02   0.10270142E-02
  1827  -0.61914799E+01  -0.14617570E-02   0.10264794E-02
  1828  -0.61915461E+01  -0.14609791E-02   0.10259451E-02
  1829  -0.61916120E+01  -0.14602020E-02   0.10254113E-02
  1830  -0.61916778E+01  -0.14594257E-02   0.10248780E-02
  1831  -0.61917433E+01  -0.14586502E-02   0.10243452E-02
  1832  -0.61918085E+01  -0.14578754E-02   0.10238129E-02
  1833  -0.61918736E+01  -0.14571014E-02   0.10232810E-02
  1834  -0.61919384E+01  -0.14563281E-02   0.10227497E-02
  1835  -0.61920029E+01  -0.14555557E-02   0.10222188E-02
  1836  -0.61920673E+01  -0.14547839E-02   0.10216884E-02
  1837  -0.61921314E+01  -0.14540130E-02   0.10211585E-02
  1838  -0.61921952E+01  -0.14532428E-02   0.10206291E-02
  1839  -0.61922589E+01  -0.14524734E-02   0.10201001E-02
  1840  -0.61923223E+01  -0.14517048E-02   0.10195717E-02
  1841  -0.61923855E+01  -0.14509369E-02   0.10190437E-02
  1842  -0.61924484E+01  -0.14501698E-02   0.10185162E-02
  1843  -0.61925112E+01  -0.14494035E-02   0.10179892E-02
  1844  -0.61925737E+01  -0.14486379E-02   0.10174627E-02
  1845  -0.61926360E+01  -0.14478730E-02   0.10169366E-02
  1846  -0.61926980E+01  -0.14471090E-02   0.10164111E-02
  1847  -0.61927599E+01  -0.14463456E-02   0.10158860E-02
  1848  -0.61928215E+01  -0.14455831E-02   0.10153614E-02
  1849  -0.61928829E+01  -0.14448213E-02   0.10148373E-02
  1850  -0.61929441E+01  -0.14440602E-02   0.10143136E-02
  1851  -0.61930050E+01  -0.14432999E-02   0.10137905E-02
  1852  -0.61930658E+01  -0.14425404E-02   0.10132678E-02
  1853  -0.61931263E+01  -0.14417816E-02   0.10127456E-02
  1854  -0.61931866E+01  -0.14410235E-02   0.10122238E-02
  1855  -0.61932467E+01  -0.14402662E-02   0.10117026E-02
  1856  -0.61933066E+01  -0.14395097E-02   0.10111818E-02
  1857  -0.61933662E+01  -0.14387539E-02   0.10106615E-02
  1858  -0.61934257E+01  -0.14379988E-02   0.10101416E-02
  1859  -0.61934849E+01  -0.14372445E-02   0.10096223E-02
  1860  -0.61935439E+01  -0.14364910E-02   0.10091034E-02
  1861  -0.61936027E+01  -0.14357382E-02   0.10085850E-02
  1862  -0.61936613E+01  -0.14349861E-02   0.10080671E-02
  1863  -0.61937197E+01  -0.14342348E-02   0.10075496E-02
  1864  -0.61937778E+01  -0.14334842E-02   0.10070326E-02
  1865  -0.61938358E+01  -0.14327343E-02   0.10065161E-02
  1866  -0.61938936E+01  -0.14319852E-02   0.10060000E-02
  1867  -0.61939511E+01  -0.14312368E-02   0.10054845E-02
  1868  -0.61940085E+01  -0.14304892E-02   0.10049694E-02
  1869  -0.61940656E+01  -0.14297423E-02   0.10044547E-02
  1870  -0.61941225E+01  -0.14289961E-02   0.10039405E-02
  1871  -0.61941792E+01  -0.14282507E-02   0.10034268E-02
  1872  -0.61942358E+01  -0.14275060E-02   0.10029136E-02
  1873  -0.61942921E+01  -0.14267620E-02   0.10024009E-02
  1874  -0.61943482E+01  -0.14260188E-02   0.10018886E-02
  1875  -0.61944041E+01  -0.14252762E-02   0.10013767E-02
  1876  -0.61944598E+01  -0.14245345E-02   0.10008654E-02
  1877  -0.61945153E+01  -0.14237934E-02   0.10003545E-02
  1878  -0.61945707E+01  -0.14230531E-02   0.99984403E-03
  1879  -0.61946258E+01  -0.14223135E-02   0.99933406E-03
  1880  -0.61946807E+01  -0.14215746E-02   0.99882455E-03
  1881  -0.61947354E+01  -0.14208365E-02   0.99831551E-03
  1882  -0.61947899E+01  -0.14200990E-02   0.99780694E-03
  1883  -0.61948442E+01  -0.14193623E-02   0.99729882E-03
  1884  -0.61948984E+01  -0.14186264E-02   0.99679117E-03
  1885  -0.61949523E+01  -0.14178911E-02   0.99628398E-03
  1886  -0.61950061E+01  -0.14171566E-02   0.99577725E-03
  1887  -0.61950596E+01  -0.14164227E-02   0.99527099E-03
  1888  -0.61951130E+01  -0.14156896E-02   0.99476518E-03
  1889  -0.61951661E+01  -0.14149573E-02   0.99425983E-03
  1890  -0.61952191E+01  -0.14142256E-02   0.99375495E-03
  1891  -0.61952719E+01  -0.14134946E-02   0.99325052E-03
  1892  -0.61953245E+01  -0.14127644E-02   0.99274655E-03
  1893  -0.61953769E+01  -0.14120349E-02   0.99224304E-03
  1894  -0.61954291E+01  -0.14113060E-02   0.99173998E-03
  1895  -0.61954811E+01  -0.14105779E-02   0.99123739E-03
  1896  -0.61955329E+01  -0.14098505E-02   0.99073525E-03
  1897  -0.61955846E+01  -0.14091239E-02   0.99023357E-03
  1898  -0.61956361E+01  -0.14083979E-02   0.98973234E-03
  1899  -0.61956873E+01  -0.14076726E-02   0.98923157E-03
  1900  -0.61957384E+01  -0.14069481E-02   0.98873125E-03
  1901  -0.61957893E+01  -0.14062242E-02   0.98823139E-03
  1902  -0.61958401E+01  -0.14055010E-02   0.98773198E-03
  1903  -0.61958906E+01  -0.14047786E-02   0.98723302E-03
  1904  -0.61959410E+01  -0.14040569E-02   0.98673452E-03
  1905  -0.61959912E+01  -0.14033358E-02   0.98623647E-03
  1906  -0.61960412E+01  -0.14026155E-02   0.98573887E-03
  1907  -0.61960910E+01  -0.14018958E-02   0.98524172E-03
  1908  -0.61961406E+01  -0.14011769E-02   0.98474503E-03
  1909  -0.61961901E+01  -0.14004587E-02   0.98424878E-03
  1910  -0.61962394E+01  -0.13997411E-02   0.98375299E-03
  1911  -0.61962885E+01  -0.13990243E-02   0.98325764E-03
  1912  -0.61963374E+01  -0.13983081E-02   0.98276275E-03
  1913  -0.61963862E+01  -0.13975927E-02   0.98226830E-03
  1914  -0.61964347E+01  -0.13968779E-02   0.98177430E-03
  1915  -0.61964831E+01  -0.13961638E-02   0.98128075E-03
  1916  -0.61965314E+01  -0.13954504E-02   0.98078764E-03
  1917  -0.61965794E+01  -0.13947378E-02   0.98029499E-03
  1918  -0.61966273E+01  -0.13940258E-02   0.97980277E-03
  1919  -0.61966750E+01  -0.13933145E-02   0.97931101E-03
  1920  -0.61967226E+01  -0.13926038E-02   0.97881969E-03
  1921  -0.61967699E+01  -0.13918939E-02   0.97832881E-03
  1922  -0.61968171E+01  -0.13911847E-02   0.97783838E-03
  1923  -0.61968641E+01  -0.13904761E-02   0.97734840E-03
  1924  -0.61969110E+01  -0.13897682E-02   0.97685885E-03
  1925  -0.61969577E+01  -0.13890610E-02   0.97636975E-03
  1926  -0.61970042E+01  -0.13883545E-02   0.97588110E-03
  1927  -0.61970506E+01  -0.13876487E-02   0.97539288E-03
  1928  -0.61970967E+01  -0.13869436E-02   0.97490511E-03
  1929  -0.61971428E+01  -0.13862391E-02   0.97441777E-03
  1930  -0.61971886E+01  -0.13855353E-02   0.97393088E-03
  1931  -0.61972343E+01  -0.13848322E-02   0.97344443E-03
  1932  -0.61972798E+01  -0.13841298E-02   0.97295842E-03
  1933  -0.61973252E+01  -0.13834281E-02   0.97247285E-03
  1934  -0.61973704E+01  -0.13827270E-02   0.97198771E-03
  1935  -0.61974154E+01  -0.13820266E-02   0.97150302E-03
  1936  -0.61974602E+01  -0.13813269E-02   0.97101876E-03
  1937  -0.61975050E+01  -0.13806278E-02   0.97053494E-03
  1938  -0.61975495E+01  -0.13799294E-02   0.97005156E-03
  1939  -0.61975939E+01  -0.13792317E-02   0.96956861E-03
  1940  -0.61976381E+01  -0.13785347E-02   0.96908610E-03
  1941  -0.61976822E+01  -0.13778384E-02   0.96860403E-03
  1942  -0.61977261E+01  -0.13771427E-02   0.96812239E-03
  1943  -0.61977698E+01  -0.13764476E-02   0.96764118E-03
  1944  -0.61978134E+01  -0.13757533E-02   0.96716041E-03
  1945  -0.61978568E+01  -0.13750596E-02   0.96668007E-03
  1946  -0.61979001E+01  -0.13743666E-02   0.96620017E-03
  1947  -0.61979432E+01  -0.13736742E-02   0.96572070E-03
  1948  -0.61979862E+01  -0.13729825E-02   0.96524166E-03
  1949  -0.61980290E+01  -0.13722915E-02   0.96476305E-03
  1950  -0.61980716E+01  -0.13716011E-02   0.96428488E-03
  1951  -0.61981141E+01  -0.13709114E-02   0.96380713E-03
  1952  -0.61981565E+01  -0.13702224E-02   0.96332982E-03
  1953  -0.61981987E+01  -0.13695340E-02   0.96285294E-03
  1954  -0.61982407E+01  -0.13688462E-02   0.96237648E-03
  1955  -0.61982826E+01  -0.13681592E-02   0.96190046E-03
  1956  -0.61983243E+01  -0.13674727E-02   0.96142486E-03
  1957  -0.61983659E+01  -0.13667870E-02   0.96094969E-03
  1958  -0.61984074E+01  -0.13661019E-02   0.96047495E-03
  1959  -0.61984486E+01  -0.13654174E-02   0.96000064E-03
  1960  -0.61984898E+01  -0.13647336E-02   0.95952675E-03
  1961  -0.61985308E+01  -0.13640505E-02   0.95905329E-03
  1962  -0.61985716E+01  -0.13633680E-02   0.95858026E-03
  1963  -0.61986123E+01  -0.13626862E-02   0.95810765E-03
  1964  -0.61986529E+01  -0.13620050E-02   0.95763547E-03
  1965  -0.61986932E+01  -0.13613245E-02   0.95716371E-03
  1966  -0.61987335E+01  -0.13606446E-02   0.95669237E-03
  1967  -0.61987736E+01  -0.13599653E-02   0.95622146E-03
  1968  -0.61988136E+01  -0.13592867E-02   0.95575097E-03
  1969  -0.61988534E+01  -0.13586088E-02   0.95528091E-03
  1970  -0.61988931E+01  -0.13579315E-02   0.95481126E-03
  1971  -0.61989326E+01  -0.13572548E-02   0.95434204E-03
  1972  -0.61989720E+01  -0.13565788E-02   0.95387324E-03
  1973  -0.61990112E+01  -0.13559034E-02   0.95340486E-03
  1974  -0.61990503E+01  -0.13552287E-02   0.95293691E-03
  1975  -0.61990893E+01  -0.13545546E-02   0.95246937E-03
  1976  -0.61991281E+01  -0.13538812E-02   0.95200225E-03
  1977  -0.61991668E+01  -0.13532084E-02   0.95153555E-03
  1978  -0.61992053E+01  -0.13525362E-02   0.95106927E-03
  1979  -0.61992437E+01  -0.13518647E-02   0.95060340E-03
  1980  -0.61992820E+01  -0.13511938E-02   0.95013796E-03
  1981  -0.61993201E+01  -0.13505235E-02   0.94967293E-03
  1982  -0.61993581E+01  -0.13498539E-02   0.94920832E-03
  1983  -0.61993960E+01  -0.13491849E-02   0.94874413E-03
  1984  -0.61994337E+01  -0.13485166E-02   0.94828035E-03
  1985  -0.61994713E+01  -0.13478489E-02   0.94781698E-03
  1986  -0.61995087E+01  -0.13471818E-02   0.94735403E-03
  1987  -0.61995460E+01  -0.13465153E-02   0.94689150E-03
  1988  -0.61995832E+01  -0.13458495E-02   0.94642938E-03
  1989  -0.61996202E+01  -0.13451843E-02   0.94596768E-03
  1990  -0.61996571E+01  -0.13445197E-02   0.94550638E-03
  1991  -0.61996939E+01  -0.13438558E-02   0.94504550E-03
  1992  -0.61997305E+01  -0.13431925E-02   0.94458504E-03
  1993  -0.61997670E+01  -0.13425298E-02   0.94412498E-03
  1994  -0.61998034E+01  -0.13418677E-02   0.94366534E-03
  1995  -0.61998396E+01  -0.13412063E-02   0.94320610E-03
  1996  -0.61998757E+01  -0.13405455E-02   0.94274728E-03
  1997  -0.61999117E+01  -0.13398853E-02   0.94228887E-03
  1998  -0.61999476E+01  -0.13392257E-02   0.94183087E-03
  1999  -0.61999833E+01  -0.13385668E-02   0.94137327E-03
  2000  -0.62000189E+01  -0.13379085E-02   0.94091609E-03
  2001  -0.62000543E+01  -0.13372508E-02   0.94045931E-03
  2002  -0.62000897E+01  -0.13365937E-02   0.94000294E-03
  2003  -0.62001249E+01  -0.13359372E-02   0.93954698E-03
  2004  -0.62001600E+01  -0.13352814E-02   0.93909143E-03
  2005  -0.62001949E+01  -0.13346262E-02   0.93863628E-03
  2006  -0.62002297E+01  -0.13339716E-02   0.93818154E-03
  2007  -0.62002644E+01  -0.13333176E-02   0.93772720E-03
  2008  -0.62002990E+01  -0.13326642E-02   0.93727327E-03
  2009  -0.62003335E+01  -0.13320114E-02   0.93681975E-03
  2010  -0.62003678E+01  -0.13313593E-02   0.93636663E-03
  2011  -0.62004020E+01  -0.13307077E-02   0.93591391E-03
  2012  -0.62004360E+01  -0.13300568E-02   0.93546159E-03
  2013  -0.62004700E+01  -0.13294065E-02   0.93500968E-03
  2014  -0.62005038E+01  -0.13287568E-02   0.93455818E-03
  2015  -0.62005375E+01  -0.13281077E-02   0.93410707E-03
  2016  -0.62005711E+01  -0.13274592E-02   0.93365637E-03
  2017  -0.62006046E+01  -0.13268113E-02   0.93320606E-03
  2018  -0.62006379E+01  -0.13261640E-02   0.93275616E-03
  2019  -0.62006711E+01  -0.13255173E-02   0.93230666E-03
  2020  -0.62007042E+01  -0.13248713E-02   0.93185756E-03
  2021  -0.62007372E+01  -0.13242258E-02   0.93140885E-03
  2022  -0.62007701E+01  -0.13235809E-02   0.93096055E-03
  2023  -0.62008028E+01  -0.13229367E-02   0.93051265E-03
  2024  -0.62008355E+01  -0.13222930E-02   0.93006514E-03
  2025  -0.62008680E+01  -0.13216500E-02   0.92961803E-03
  2026  -0.62009004E+01  -0.13210075E-02   0.92917132E-03
  2027  -0.62009326E+01  -0.13203657E-02   0.92872500E-03
  2028  -0.62009648E+01  -0.13197244E-02   0.92827909E-03
  2029  -0.62009968E+01  -0.13190838E-02   0.92783356E-03
  2030  -0.62010287E+01  -0.13184437E-02   0.92738844E-03
  2031  -0.62010606E+01  -0.13178042E-02   0.92694371E-03
  2032  -0.62010922E+01  -0.13171654E-02   0.92649937E-03
  2033  -0.62011238E+01  -0.13165271E-02   0.92605543E-03
  2034  -0.62011553E+01  -0.13158894E-02   0.92561188E-03
  2035  -0.62011866E+01  -0.13152524E-02   0.92516872E-03
  2036  -0.62012179E+01  -0.13146159E-02   0.92472596E-03
  2037  -0.62012490E+01  -0.13139800E-02   0.92428359E-03
  2038  -0.62012800E+01  -0.13133447E-02   0.92384162E-03
  2039  -0.62013109E+01  -0.13127100E-02   0.92340003E-03
  2040  -0.62013417E+01  -0.13120758E-02   0.92295884E-03
  2041  -0.62013724E+01  -0.13114423E-02   0.92251803E-03
  2042  -0.62014029E+01  -0.13108094E-02   0.92207762E-03
  2043  -0.62014334E+01  -0.13101770E-02   0.92163760E-03
  2044  -0.62014637E+01  -0.13095452E-02   0.92119796E-03
  2045  -0.62014940E+01  -0.13089140E-02   0.92075872E-03
  2046  -0.62015241E+01  -0.13082834E-02   0.92031986E-03
  2047  -0.62015541E+01  -0.13076534E-02   0.91988140E-03
  2048  -0.62015840E+01  -0.13070240E-02   0.91944332E-03
  2049  -0.62016138E+01  -0.13063951E-02   0.91900562E-03
  2050  -0.62016435E+01  -0.13057669E-02   0.91856832E-03
  2051  -0.62016731E+01  -0.13051392E-02   0.91813140E-03
  2052  -0.62017025E+01  -0.13045121E-02   0.91769487E-03
  2053  -0.62017319E+01  -0.13038856E-02   0.91725872E-03
  2054  -0.62017612E+01  -0.13032596E-02   0.91682296E-03
  2055  -0.62017903E+01  -0.13026343E-02   0.91638758E-03
  2056  -0.62018194E+01  -0.13020095E-02   0.91595259E-03
  2057  -0.62018483E+01  -0.13013853E-02   0.91551798E-03
  2058  -0.62018772E+01  -0.13007616E-02   0.91508376E-03
  2059  -0.62019059E+01  -0.13001386E-02   0.91464992E-03
  2060  -0.62019345E+01  -0.12995161E-02   0.91421646E-03
  2061  -0.62019631E+01  -0.12988942E-02   0.91378338E-03
  2062  -0.62019915E+01  -0.12982729E-02   0.91335069E-03
  2063  -0.62020198E+01  -0.12976521E-02   0.91291837E-03
  2064  -0.62020480E+01  -0.12970319E-02   0.91248644E-03
  2065  -0.62020762E+01  -0.12964123E-02   0.91205489E-03
  2066  -0.62021042E+01  -0.12957932E-02   0.91162372E-03
  2067  -0.62021321E+01  -0.12951748E-02   0.91119293E-03
  2068  -0.62021599E+01  -0.12945569E-02   0.91076252E-03
  2069  -0.62021876E+01  -0.12939395E-02   0.91033248E-03
  2070  -0.62022152E+01  -0.12933227E-02   0.90990283E-03
  2071  -0.62022427E+01  -0.12927065E-02   0.90947355E-03
  2072  -0.62022702E+01  -0.12920909E-02   0.90904465E-03
  2073  -0.62022975E+01  -0.12914758E-02   0.90861613E-03
  2074  -0.62023247E+01  -0.12908613E-02   0.90818799E-03
  2075  -0.62023518E+01  -0.12902474E-02   0.90776022E-03
  2076  -0.62023788E+01  -0.12896340E-02   0.90733283E-03
  2077  -0.62024057E+01  -0.12890212E-02   0.90690581E-03
  2078  -0.62024326E+01  -0.12884089E-02   0.90647917E-03
  2079  -0.62024593E+01  -0.12877972E-02   0.90605290E-03
  2080  -0.62024859E+01  -0.12871861E-02   0.90562701E-03
  2081  -0.62025125E+01  -0.12865755E-02   0.90520149E-03
  2082  -0.62025389E+01  -0.12859655E-02   0.90477635E-03
  2083  -0.62025652E+01  -0.12853561E-02   0.90435158E-03
  2084  -0.62025915E+01  -0.12847472E-02   0.90392718E-03
  2085  -0.62026176E+01  -0.12841388E-02   0.90350315E-03
  2086  -0.62026437E+01  -0.12835311E-02   0.90307950E-03
  2087  -0.62026697E+01  -0.12829238E-02   0.90265621E-03
  2088  -0.62026955E+01  -0.12823172E-02   0.90223330E-03
  2089  -0.62027213E+01  -0.12817110E-02   0.90181076E-03
  2090  -0.62027470E+01  -0.12811055E-02   0.90138859E-03
  2091  -0.62027726E+01  -0.12805005E-02   0.90096679E-03
  2092  -0.62027981E+01  -0.12798960E-02   0.90054535E-03
  2093  -0.62028235E+01  -0.12792921E-02   0.90012429E-03
  2094  -0.62028488E+01  -0.12786887E-02   0.89970360E-03
  2095  -0.62028740E+01  -0.12780859E-02   0.89928327E-03
  2096  -0.62028991E+01  -0.12774837E-02   0.89886331E-03
  2097  -0.62029242E+01  -0.12768820E-02   0.89844372E-03
  2098  -0.62029491E+01  -0.12762808E-02   0.89802450E-03
  2099  -0.62029740E+01  -0.12756802E-02   0.89760564E-03
  2100  -0.62029987E+01  -0.12750801E-02   0.89718715E-03
  2101  -0.62030234E+01  -0.12744806E-02   0.89676902E-03
  2102  -0.62030480E+01  -0.12738816E-02   0.89635126E-03
  2103  -0.62030725E+01  -0.12732832E-02   0.89593386E-03
  2104  -0.62030969E+01  -0.12726853E-02   0.89551683E-03
  2105  -0.62031212E+01  -0.12720880E-02   0.89510016E-03
  2106  -0.62031455E+01  -0.12714912E-02   0.89468386E-03
  2107  -0.62031696E+01  -0.12708949E-02   0.89426792E-03
  2108  -0.62031937E+01  -0.12702992E-02   0.89385234E-03
  2109  -0.62032177E+01  -0.12697040E-02   0.89343713E-03
  2110  -0.62032415E+01  -0.12691094E-02   0.89302227E-03
  2111  -0.62032653E+01  -0.12685153E-02   0.89260778E-03
  2112  -0.62032890E+01  -0.12679217E-02   0.89219365E-03
  2113  -0.62033127E+01  -0.12673287E-02   0.89177988E-03
  2114  -0.62033362E+01  -0.12667362E-02   0.89136648E-03
  2115  -0.62033597E+01  -0.12661442E-02   0.89095343E-03
  2116  -0.62033830E+01  -0.12655528E-02   0.89054074E-03
  2117  -0.62034063E+01  -0.12649619E-02   0.89012841E-03
  2118  -0.62034295E+01  -0.12643716E-02   0.88971644E-03
  2119  -0.62034527E+01  -0.12637818E-02   0.88930483E-03
  2120  -0.62034757E+01  -0.12631925E-02   0.88889357E-03
  2121  -0.62034986E+01  -0.12626038E-02   0.88848267E-03
  2122  -0.62035215E+01  -0.12620156E-02   0.88807213E-03
  2123  -0.62035443E+01  -0.12614279E-02   0.88766195E-03
  2124  -0.62035670E+01  -0.12608407E-02   0.88725213E-03
  2125  -0.62035896E+01  -0.12602541E-02   0.88684266E-03
  2126  -0.62036122E+01  -0.12596680E-02   0.88643354E-03
  2127  -0.62036346E+01  -0.12590824E-02   0.88602478E-03
  2128  -0.62036570E+01  -0.12584974E-02   0.88561638E-03
  2129  -0.62036793E+01  -0.12579129E-02   0.88520833E-03
  2130  -0.62037015E+01  -0.12573289E-02   0.88480063E-03
  2131  -0.62037237E+01  -0.12567454E-02   0.88439329E-03
  2132  -0.62037457E+01  -0.12561625E-02   0.88398630E-03
  2133  -0.62037677E+01  -0.12555801E-02   0.88357967E-03
  2134  -0.62037896E+01  -0.12549982E-02   0.88317338E-03
  2135  -0.62038114E+01  -0.12544169E-02   0.88276745E-03
  2136  -0.62038331E+01  -0.12538360E-02   0.88236187E-03
  2137  -0.62038548E+01  -0.12532557E-02   0.88195664E-03
  2138  -0.62038764E+01  -0.12526759E-02   0.88155176E-03
  2139  -0.62038979E+01  -0.12520966E-02   0.88114724E-03
  2140  -0.62039193E+01  -0.12515179E-02   0.88074306E-03
  2141  -0.62039407E+01  -0.12509396E-02   0.88033923E-03
  2142  -0.62039619E+01  -0.12503619E-02   0.87993576E-03
  2143  -0.62039831E+01  -0.12497847E-02   0.87953263E-03
  2144  -0.62040042E+01  -0.12492080E-02   0.87912985E-03
  2145  -0.62040253E+01  -0.12486319E-02   0.87872742E-03
  2146  -0.62040463E+01  -0.12480562E-02   0.87832533E-03
  2147  -0.62040671E+01  -0.12474811E-02   0.87792359E-03
  2148  -0.62040880E+01  -0.12469064E-02   0.87752220E-03
  2149  -0.62041087E+01  -0.12463323E-02   0.87712116E-03
  2150  -0.62041294E+01  -0.12457587E-02   0.87672046E-03
  2151  -0.62041499E+01  -0.12451857E-02   0.87632011E-03
  2152  -0.62041705E+01  -0.12446131E-02   0.87592011E-03
  2153  -0.62041909E+01  -0.12440410E-02   0.87552045E-03
  2154  -0.62042113E+01  -0.12434695E-02   0.87512113E-03
  2155  -0.62042316E+01  -0.12428984E-02   0.87472216E-03
  2156  -0.62042518E+01  -0.12423279E-02   0.87432353E-03
  2157  -0.62042719E+01  -0.12417579E-02   0.87392525E-03
  2158  -0.62042920E+01  -0.12411884E-02   0.87352731E-03
  2159  -0.62043120E+01  -0.12406194E-02   0.87312971E-03
  2160  -0.62043319E+01  -0.12400509E-02   0.87273245E-03
  2161  -0.62043518E+01  -0.12394829E-02   0.87233554E-03
  2162  -0.62043716E+01  -0.12389154E-02   0.87193897E-03
  2163  -0.62043913E+01  -0.12383484E-02   0.87154274E-03
  2164  -0.62044109E+01  -0.12377820E-02   0.87114685E-03
  2165  -0.62044305E+01  -0.12372160E-02   0.87075130E-03
  2166  -0.62044500E+01  -0.12366505E-02   0.87035609E-03
  2167  -0.62044695E+01  -0.12360855E-02   0.86996122E-03
  2168  -0.62044888E+01  -0.12355211E-02   0.86956669E-03
  2169  -0.62045081E+01  -0.12349571E-02   0.86917249E-03
  2170  -0.62045273E+01  -0.12343937E-02   0.86877864E-03
  2171  -0.62045465E+01  -0.12338307E-02   0.86838513E-03
  2172  -0.62045656E+01  -0.12332682E-02   0.86799195E-03
  2173  -0.62045846E+01  -0.12327063E-02   0.86759911E-03
  2174  -0.62046035E+01  -0.12321448E-02   0.86720661E-03
  2175  -0.62046224E+01  -0.12315838E-02   0.86681444E-03
  2176  -0.62046412E+01  -0.12310234E-02   0.86642261E-03
  2177  -0.62046600E+01  -0.12304634E-02   0.86603112E-03
  2178  -0.62046786E+01  -0.12299039E-02   0.86563996E-03
  2179  -0.62046972E+01  -0.12293449E-02   0.86524914E-03
  2180  -0.62047158E+01  -0.12287864E-02   0.86485865E-03
  2181  -0.62047342E+01  -0.12282284E-02   0.86446849E-03
  2182  -0.62047527E+01  -0.12276709E-02   0.86407867E-03
  2183  -0.62047710E+01  -0.12271139E-02   0.86368919E-03
  2184  -0.62047893E+01  -0.12265574E-02   0.86330004E-03
  2185  -0.62048075E+01  -0.12260014E-02   0.86291122E-03
  2186  -0.62048256E+01  -0.12254458E-02   0.86252273E-03
  2187  -0.62048437E+01  -0.12248908E-02   0.86213457E-03
  2188  -0.62048617E+01  -0.12243362E-02   0.86174675E-03
  2189  -0.62048797E+01  -0.12237822E-02   0.86135926E-03
  2190  -0.62048975E+01  -0.12232286E-02   0.86097210E-03
  2191  -0.62049154E+01  -0.12226755E-02   0.86058526E-03
  2192  -0.62049331E+01  -0.12221229E-02   0.86019876E-03
  2193  -0.62049508E+01  -0.12215708E-02   0.85981259E-03
  2194  -0.62049684E+01  -0.12210192E-02   0.85942675E-03
  2195  -0.62049860E+01  -0.12204680E-02   0.85904124E-03
  2196  -0.62050035E+01  -0.12199174E-02   0.85865606E-03
  2197  -0.62050209E+01  -0.12193672E-02   0.85827121E-03
  2198  -0.62050383E+01  -0.12188175E-02   0.85788668E-03
  2199  -0.62050556E+01  -0.12182683E-02   0.85750248E-03
  2200  -0.62050729E+01  -0.12177195E-02   0.85711861E-03
  2201  -0.62050900E+01  -0.12171713E-02   0.85673507E-03
  2202  -0.62051072E+01  -0.12166235E-02   0.85635185E-03
  2203  -0.62051242E+01  -0.12160762E-02   0.85596896E-03
  2204  -0.62051412E+01  -0.12155294E-02   0.85558639E-03
  2205  -0.62051582E+01  -0.12149831E-02   0.85520415E-03
  2206  -0.62051750E+01  -0.12144373E-02   0.85482224E-03
  2207  -0.62051919E+01  -0.12138919E-02   0.85444065E-03
  2208  -0.62052086E+01  -0.12133470E-02   0.85405938E-03
  2209  -0.62052253E+01  -0.12128026E-02   0.85367844E-03
  2210  -0.62052420E+01  -0.12122587E-02   0.85329782E-03
  2211  -0.62052585E+01  -0.12117152E-02   0.85291753E-03
  2212  -0.62052750E+01  -0.12111722E-02   0.85253756E-03
  2213  -0.62052915E+01  -0.12106297E-02   0.85215791E-03
  2214  -0.62053079E+01  -0.12100877E-02   0.85177858E-03
  2215  -0.62053242E+01  -0.12095461E-02   0.85139958E-03
  2216  -0.62053405E+01  -0.12090050E-02   0.85102089E-03
  2217  -0.62053567E+01  -0.12084644E-02   0.85064253E-03
  2218  -0.62053729E+01  -0.12079242E-02   0.85026449E-03
  2219  -0.62053890E+01  -0.12073846E-02   0.84988677E-03
  2220  -0.62054051E+01  -0.12068454E-02   0.84950937E-03
  2221  -0.62054211E+01  -0.12063066E-02   0.84913229E-03
  2222  -0.62054370E+01  -0.12057684E-02   0.84875552E-03
  2223  -0.62054529E+01  -0.12052306E-02   0.84837908E-03
  2224  -0.62054687E+01  -0.12046932E-02   0.84800296E-03
  2225  -0.62054844E+01  -0.12041564E-02   0.84762715E-03
  2226  -0.62055001E+01  -0.12036200E-02   0.84725166E-03
  2227  -0.62055158E+01  -0.12030840E-02   0.84687649E-03
  2228  -0.62055314E+01  -0.12025486E-02   0.84650164E-03
  2229  -0.62055469E+01  -0.12020136E-02   0.84612710E-03
  2230  -0.62055624E+01  -0.12014791E-02   0.84575288E-03
  2231  -0.62055778E+01  -0.12009450E-02   0.84537898E-03
  2232  -0.62055932E+01  -0.12004114E-02   0.84500539E-03
  2233  -0.62056085E+01  -0.11998782E-02   0.84463212E-03
  2234  -0.62056238E+01  -0.11993456E-02   0.84425916E-03
  2235  -0.62056390E+01  -0.11988134E-02   0.84388652E-03
  2236  -0.62056541E+01  -0.11982816E-02   0.84351419E-03
  2237  -0.62056692E+01  -0.11977503E-02   0.84314217E-03
  2238  -0.62056843E+01  -0.11972195E-02   0.84277047E-03
  2239  -0.62056992E+01  -0.11966891E-02   0.84239909E-03
  2240  -0.62057142E+01  -0.11961592E-02   0.84202801E-03
  2241  -0.62057291E+01  -0.11956297E-02   0.84165725E-03
  2242  -0.62057439E+01  -0.11951007E-02   0.84128680E-03
  2243  -0.62057587E+01  -0.11945722E-02   0.84091666E-03
  2244  -0.62057734E+01  -0.11940441E-02   0.84054684E-03
  2245  -0.62057880E+01  -0.11935165E-02   0.84017732E-03
  2246  -0.62058027E+01  -0.11929893E-02   0.83980812E-03
  2247  -0.62058172E+01  -0.11924626E-02   0.83943922E-03
  2248  -0.62058317E+01  -0.11919363E-02   0.83907064E-03
  2249  -0.62058462E+01  -0.11914105E-02   0.83870237E-03
  2250  -0.62058606E+01  -0.11908852E-02   0.83833440E-03
  2251  -0.62058749E+01  -0.11903603E-02   0.83796675E-03
  2252  -0.62058893E+01  -0.11898358E-02   0.83759940E-03
  2253  -0.62059035E+01  -0.11893118E-02   0.83723236E-03
  2254  -0.62059177E+01  -0.11887883E-02   0.83686563E-03
  2255  -0.62059319E+01  -0.11882652E-02   0.83649921E-03
  2256  -0.62059460E+01  -0.11877425E-02   0.83613309E-03
  2257  -0.62059600E+01  -0.11872203E-02   0.83576729E-03
  2258  -0.62059740E+01  -0.11866986E-02   0.83540178E-03
  2259  -0.62059879E+01  -0.11861773E-02   0.83503659E-03
  2260  -0.62060018E+01  -0.11856564E-02   0.83467170E-03
  2261  -0.62060157E+01  -0.11851360E-02   0.83430712E-03
  2262  -0.62060295E+01  -0.11846161E-02   0.83394284E-03
  2263  -0.62060432E+01  -0.11840966E-02   0.83357887E-03
  2264  -0.62060569E+01  -0.11835775E-02   0.83321520E-03
  2265  -0.62060706E+01  -0.11830589E-02   0.83285183E-03
  2266  -0.62060842E+01  -0.11825407E-02   0.83248877E-03
  2267  -0.62060977E+01  -0.11820230E-02   0.83212602E-03
  2268  -0.62061112E+01  -0.11815057E-02   0.83176356E-03
  2269  -0.62061247E+01  -0.11809889E-02   0.83140141E-03
  2270  -0.62061381E+01  -0.11804725E-02   0.83103956E-03
  2271  -0.62061515E+01  -0.11799565E-02   0.83067802E-03
  2272  -0.62061648E+01  -0.11794410E-02   0.83031677E-03
  2273  -0.62061780E+01  -0.11789259E-02   0.82995583E-03
  2274  -0.62061913E+01  -0.11784113E-02   0.82959519E-03
  2275  -0.62062044E+01  -0.11778971E-02   0.82923485E-03
  2276  -0.62062176E+01  -0.11773834E-02   0.82887481E-03
  2277  -0.62062306E+01  -0.11768700E-02   0.82851507E-03
  2278  -0.62062437E+01  -0.11763572E-02   0.82815563E-03
  2279  -0.62062566E+01  -0.11758447E-02   0.82779649E-03
  2280  -0.62062696E+01  -0.11753327E-02   0.82743765E-03
  2281  -0.62062825E+01  -0.11748212E-02   0.82707911E-03
  2282  -0.62062953E+01  -0.11743100E-02   0.82672087E-03
  2283  -0.62063081E+01  -0.11737993E-02   0.82636292E-03
  2284  -0.62063209E+01  -0.11732891E-02   0.82600527E-03
  2285  -0.62063336E+01  -0.11727793E-02   0.82564792E-03
  2286  -0.62063462E+01  -0.11722699E-02   0.82529087E-03
  2287  -0.62063589E+01  -0.11717609E-02   0.82493411E-03
  2288  -0.62063714E+01  -0.11712524E-02   0.82457766E-03
  2289  -0.62063839E+01  -0.11707443E-02   0.82422149E-03
  2290  -0.62063964E+01  -0.11702366E-02   0.82386562E-03
  2291  -0.62064089E+01  -0.11697294E-02   0.82351005E-03
  2292  -0.62064213E+01  -0.11692226E-02   0.82315478E-03
  2293  -0.62064336E+01  -0.11687162E-02   0.82279979E-03
  2294  -0.62064459E+01  -0.11682103E-02   0.82244511E-03
  2295  -0.62064582E+01  -0.11677048E-02   0.82209071E-03
  2296  -0.62064704E+01  -0.11671997E-02   0.82173661E-03
  2297  -0.62064826E+01  -0.11666951E-02   0.82138281E-03
  2298  -0.62064947E+01  -0.11661909E-02   0.82102930E-03
  2299  -0.62065068E+01  -0.11656871E-02   0.82067608E-03
  2300  -0.62065188E+01  -0.11651837E-02   0.82032315E-03
  2301  -0.62065308E+01  -0.11646808E-02   0.81997051E-03
  2302  -0.62065428E+01  -0.11641782E-02   0.81961817E-03
  2303  -0.62065547E+01  -0.11636761E-02   0.81926612E-03
  2304  -0.62065666E+01  -0.11631745E-02   0.81891436E-03
  2305  -0.62065784E+01  -0.11626732E-02   0.81856289E-03
  2306  -0.62065902E+01  -0.11621724E-02   0.81821171E-03
  2307  -0.62066019E+01  -0.11616720E-02   0.81786082E-03
  2308  -0.62066136E+01  -0.11611721E-02   0.81751022E-03
  2309  -0.62066253E+01  -0.11606725E-02   0.81715991E-03
  2310  -0.62066369E+01  -0.11601734E-02   0.81680989E-03
  2311  -0.62066485E+01  -0.11596747E-02   0.81646016E-03
  2312  -0.62066600E+01  -0.11591764E-02   0.81611072E-03
  2313  -0.62066715E+01  -0.11586785E-02   0.81576157E-03
  2314  -0.62066830E+01  -0.11581811E-02   0.81541270E-03
  2315  -0.62066944E+01  -0.11576841E-02   0.81506412E-03
  2316  -0.62067058E+01  -0.11571874E-02   0.81471583E-03
  2317  -0.62067171E+01  -0.11566913E-02   0.81436783E-03
  2318  -0.62067284E+01  -0.11561955E-02   0.81402011E-03
  2319  -0.62067397E+01  -0.11557001E-02   0.81367268E-03
  2320  -0.62067509E+01  -0.11552052E-02   0.81332554E-03
  2321  -0.62067621E+01  -0.11547107E-02   0.81297868E-03
  2322  -0.62067732E+01  -0.11542166E-02   0.81263210E-03
  2323  -0.62067843E+01  -0.11537229E-02   0.81228581E-03
  2324  -0.62067953E+01  -0.11532296E-02   0.81193981E-03
  2325  -0.62068064E+01  -0.11527367E-02   0.81159409E-03
  2326  -0.62068173E+01  -0.11522443E-02   0.81124866E-03
  2327  -0.62068283E+01  -0.11517522E-02   0.81090350E-03
  2328  -0.62068392E+01  -0.11512606E-02   0.81055864E-03
  2329  -0.62068500E+01  -0.11507694E-02   0.81021405E-03
  2330  -0.62068609E+01  -0.11502786E-02   0.80986975E-03
  2331  -0.62068716E+01  -0.11497882E-02   0.80952573E-03
  2332  -0.62068824E+01  -0.11492982E-02   0.80918199E-03
  2333  -0.62068931E+01  -0.11488087E-02   0.80883854E-03
  2334  -0.62069038E+01  -0.11483195E-02   0.80849536E-03
  2335  -0.62069144E+01  -0.11478308E-02   0.80815247E-03
  2336  -0.62069250E+01  -0.11473424E-02   0.80780986E-03
  2337  -0.62069355E+01  -0.11468545E-02   0.80746753E-03
  2338  -0.62069461E+01  -0.11463670E-02   0.80712548E-03
  2339  -0.62069565E+01  -0.11458798E-02   0.80678371E-03
  2340  -0.62069670E+01  -0.11453931E-02   0.80644222E-03
  2341  -0.62069774E+01  -0.11449068E-02   0.80610101E-03
  2342  -0.62069878E+01  -0.11444209E-02   0.80576008E-03
  2343  -0.62069981E+01  -0.11439354E-02   0.80541942E-03
  2344  -0.62070084E+01  -0.11434503E-02   0.80507905E-03
  2345  -0.62070187E+01  -0.11429657E-02   0.80473895E-03
  2346  -0.62070289E+01  -0.11424814E-02   0.80439913E-03
  2347  -0.62070391E+01  -0.11419975E-02   0.80405959E-03
  2348  -0.62070492E+01  -0.11415140E-02   0.80372033E-03
  2349  -0.62070593E+01  -0.11410310E-02   0.80338134E-03
  2350  -0.62070694E+01  -0.11405483E-02   0.80304263E-03
  2351  -0.62070795E+01  -0.11400660E-02   0.80270419E-03
  2352  -0.62070895E+01  -0.11395841E-02   0.80236603E-03
  2353  -0.62070995E+01  -0.11391027E-02   0.80202815E-03
  2354  -0.62071094E+01  -0.11386216E-02   0.80169054E-03
  2355  -0.62071193E+01  -0.11381409E-02   0.80135321E-03
  2356  -0.62071292E+01  -0.11376607E-02   0.80101615E-03
  2357  -0.62071390E+01  -0.11371808E-02   0.80067937E-03
  2358  -0.62071488E+01  -0.11367013E-02   0.80034286E-03
  2359  -0.62071586E+01  -0.11362223E-02   0.80000663E-03
  2360  -0.62071683E+01  -0.11357436E-02   0.79967066E-03
  2361  -0.62071780E+01  -0.11352653E-02   0.79933498E-03
  2362  -0.62071877E+01  -0.11347874E-02   0.79899956E-03
  2363  -0.62071973E+01  -0.11343099E-02   0.79866442E-03
  2364  -0.62072069E+01  -0.11338328E-02   0.79832955E-03
  2365  -0.62072164E+01  -0.11333561E-02   0.79799495E-03
  2366  -0.62072260E+01  -0.11328798E-02   0.79766062E-03
  2367  -0.62072355E+01  -0.11324039E-02   0.79732656E-03
  2368  -0.62072449E+01  -0.11319284E-02   0.79699278E-03
  2369  -0.62072543E+01  -0.11314533E-02   0.79665927E-03
  2370  -0.62072637E+01  -0.11309785E-02   0.79632602E-03
  2371  -0.62072731E+01  -0.11305042E-02   0.79599305E-03
  2372  -0.62072824E+01  -0.11300303E-02   0.79566035E-03
  2373  -0.62072917E+01  -0.11295567E-02   0.79532791E-03
  2374  -0.62073010E+01  -0.11290835E-02   0.79499575E-03
  2375  -0.62073102E+01  -0.11286108E-02   0.79466385E-03
  2376  -0.62073194E+01  -0.11281384E-02   0.79433223E-03
  2377  -0.62073286E+01  -0.11276664E-02   0.79400087E-03
  2378  -0.62073377E+01  -0.11271948E-02   0.79366978E-03
  2379  -0.62073468E+01  -0.11267235E-02   0.79333895E-03
  2380  -0.62073559E+01  -0.11262527E-02   0.79300840E-03
  2381  -0.62073649E+01  -0.11257823E-02   0.79267811E-03
  2382  -0.62073739E+01  -0.11253122E-02   0.79234809E-03
  2383  -0.62073829E+01  -0.11248425E-02   0.79201834E-03
  2384  -0.62073918E+01  -0.11243732E-02   0.79168885E-03
  2385  -0.62074007E+01  -0.11239043E-02   0.79135963E-03
  2386  -0.62074096E+01  -0.11234358E-02   0.79103067E-03
  2387  -0.62074184E+01  -0.11229677E-02   0.79070198E-03
  2388  -0.62074273E+01  -0.11224999E-02   0.79037355E-03
  2389  -0.62074360E+01  -0.11220326E-02   0.79004539E-03
  2390  -0.62074448E+01  -0.11215656E-02   0.78971749E-03
  2391  -0.62074535E+01  -0.11210990E-02   0.78938986E-03
  2392  -0.62074622E+01  -0.11206328E-02   0.78906249E-03
  2393  -0.62074709E+01  -0.11201669E-02   0.78873539E-03
  2394  -0.62074795E+01  -0.11197015E-02   0.78840855E-03
  2395  -0.62074881E+01  -0.11192364E-02   0.78808197E-03
  2396  -0.62074967E+01  -0.11187717E-02   0.78775565E-03
  2397  -0.62075052E+01  -0.11183074E-02   0.78742960E-03
  2398  -0.62075137E+01  -0.11178435E-02   0.78710381E-03
  2399  -0.62075222E+01  -0.11173799E-02   0.78677828E-03
  2400  -0.62075307E+01  -0.11169168E-02   0.78645301E-03
  2401  -0.62075391E+01  -0.11164540E-02   0.78612800E-03
  2402  -0.62075475E+01  -0.11159916E-02   0.78580326E-03
  2403  -0.62075558E+01  -0.11155295E-02   0.78547877E-03
  2404  -0.62075642E+01  -0.11150679E-02   0.78515455E-03
  2405  -0.62075725E+01  -0.11146066E-02   0.78483058E-03
  2406  -0.62075808E+01  -0.11141457E-02   0.78450688E-03
  2407  -0.62075890E+01  -0.11136851E-02   0.78418344E-03
  2408  -0.62075972E+01  -0.11132250E-02   0.78386025E-03
  2409  -0.62076054E+01  -0.11127652E-02   0.78353732E-03
  2410  -0.62076136E+01  -0.11123058E-02   0.78321466E-03
  2411  -0.62076217E+01  -0.11118467E-02   0.78289225E-03
  2412  -0.62076298E+01  -0.11113881E-02   0.78257009E-03
  2413  -0.62076379E+01  -0.11109298E-02   0.78224820E-03
  2414  -0.62076459E+01  -0.11104719E-02   0.78192656E-03
  2415  -0.62076539E+01  -0.11100143E-02   0.78160519E-03
  2416  -0.62076619E+01  -0.11095572E-02   0.78128406E-03
  2417  -0.62076699E+01  -0.11091004E-02   0.78096320E-03
  2418  -0.62076778E+01  -0.11086439E-02   0.78064259E-03
  2419  -0.62076857E+01  -0.11081879E-02   0.78032224E-03
  2420  -0.62076936E+01  -0.11077322E-02   0.78000214E-03
  2421  -0.62077015E+01  -0.11072768E-02   0.77968230E-03
  2422  -0.62077093E+01  -0.11068219E-02   0.77936271E-03
  2423  -0.62077171E+01  -0.11063673E-02   0.77904338E-03
  2424  -0.62077249E+01  -0.11059131E-02   0.77872431E-03
  2425  -0.62077326E+01  -0.11054593E-02   0.77840548E-03
  2426  -0.62077403E+01  -0.11050058E-02   0.77808692E-03
  2427  -0.62077480E+01  -0.11045527E-02   0.77776860E-03
  2428  -0.62077557E+01  -0.11040999E-02   0.77745054E-03
  2429  -0.62077633E+01  -0.11036475E-02   0.77713273E-03
  2430  -0.62077709E+01  -0.11031955E-02   0.77681518E-03
  2431  -0.62077785E+01  -0.11027439E-02   0.77649788E-03
  2432  -0.62077861E+01  -0.11022926E-02   0.77618083E-03
  2433  -0.62077936E+01  -0.11018417E-02   0.77586403E-03
  2434  -0.62078011E+01  -0.11013911E-02   0.77554749E-03
  2435  -0.62078086E+01  -0.11009409E-02   0.77523119E-03
  2436  -0.62078161E+01  -0.11004911E-02   0.77491515E-03
  2437  -0.62078235E+01  -0.11000416E-02   0.77459936E-03
  2438  -0.62078309E+01  -0.10995925E-02   0.77428382E-03
  2439  -0.62078383E+01  -0.10991438E-02   0.77396853E-03
  2440  -0.62078456E+01  -0.10986954E-02   0.77365349E-03
  2441  -0.62078529E+01  -0.10982474E-02   0.77333870E-03
  2442  -0.62078602E+01  -0.10977997E-02   0.77302416E-03
  2443  -0.62078675E+01  -0.10973524E-02   0.77270987E-03
  2444  -0.62078748E+01  -0.10969055E-02   0.77239583E-03
  2445  -0.62078820E+01  -0.10964589E-02   0.77208204E-03
  2446  -0.62078892E+01  -0.10960127E-02   0.77176849E-03
  2447  -0.62078964E+01  -0.10955668E-02   0.77145520E-03
  2448  -0.62079035E+01  -0.10951213E-02   0.77114215E-03
  2449  -0.62079106E+01  -0.10946761E-02   0.77082935E-03
  2450  -0.62079177E+01  -0.10942314E-02   0.77051680E-03
  2451  -0.62079248E+01  -0.10937869E-02   0.77020449E-03
  2452  -0.62079319E+01  -0.10933428E-02   0.76989243E-03
  2453  -0.62079389E+01  -0.10928991E-02   0.76958062E-03
  2454  -0.62079459E+01  -0.10924558E-02   0.76926905E-03
  2455  -0.62079529E+01  -0.10920127E-02   0.76895774E-03
  2456  -0.62079598E+01  -0.10915701E-02   0.76864666E-03
  2457  -0.62079667E+01  -0.10911278E-02   0.76833583E-03
  2458  -0.62079736E+01  -0.10906858E-02   0.76802525E-03
  2459  -0.62079805E+01  -0.10902442E-02   0.76771491E-03
  2460  -0.62079874E+01  -0.10898030E-02   0.76740482E-03
  2461  -0.62079942E+01  -0.10893621E-02   0.76709497E-03
  2462  -0.62080010E+01  -0.10889216E-02   0.76678537E-03
  2463  -0.62080078E+01  -0.10884814E-02   0.76647601E-03
  2464  -0.62080146E+01  -0.10880416E-02   0.76616689E-03
  2465  -0.62080213E+01  -0.10876021E-02   0.76585802E-03
  2466  -0.62080281E+01  -0.10871629E-02   0.76554939E-03
  2467  -0.62080347E+01  -0.10867242E-02   0.76524100E-03
  2468  -0.62080414E+01  -0.10862857E-02   0.76493285E-03
  2469  -0.62080481E+01  -0.10858476E-02   0.76462495E-03
  2470  -0.62080547E+01  -0.10854099E-02   0.76431729E-03
  2471  -0.62080613E+01  -0.10849725E-02   0.76400987E-03
  2472  -0.62080679E+01  -0.10845355E-02   0.76370269E-03
  2473  -0.62080744E+01  -0.10840988E-02   0.76339576E-03
  2474  -0.62080810E+01  -0.10836625E-02   0.76308906E-03
  2475  -0.62080875E+01  -0.10832265E-02   0.76278261E-03
  2476  -0.62080940E+01  -0.10827908E-02   0.76247640E-03
  2477  -0.62081004E+01  -0.10823555E-02   0.76217042E-03
  2478  -0.62081069E+01  -0.10819206E-02   0.76186469E-03
  2479  -0.62081133E+01  -0.10814860E-02   0.76155919E-03
  2480  -0.62081197E+01  -0.10810517E-02   0.76125394E-03
  2481  -0.62081261E+01  -0.10806178E-02   0.76094892E-03
  2482  -0.62081325E+01  -0.10801842E-02   0.76064415E-03
  2483  -0.62081388E+01  -0.10797510E-02   0.76033961E-03
  2484  -0.62081451E+01  -0.10793181E-02   0.76003531E-03
  2485  -0.62081514E+01  -0.10788855E-02   0.75973125E-03
  2486  -0.62081577E+01  -0.10784533E-02   0.75942742E-03
  2487  -0.62081639E+01  -0.10780215E-02   0.75912384E-03
  2488  -0.62081701E+01  -0.10775900E-02   0.75882049E-03
  2489  -0.62081764E+01  -0.10771588E-02   0.75851738E-03
  2490  -0.62081825E+01  -0.10767279E-02   0.75821450E-03
  2491  -0.62081887E+01  -0.10762974E-02   0.75791186E-03
  2492  -0.62081949E+01  -0.10758673E-02   0.75760946E-03
  2493  -0.62082010E+01  -0.10754375E-02   0.75730729E-03
  2494  -0.62082071E+01  -0.10750080E-02   0.75700536E-03
  2495  -0.62082132E+01  -0.10745789E-02   0.75670367E-03
  2496  -0.62082192E+01  -0.10741501E-02   0.75640221E-03
  2497  -0.62082253E+01  -0.10737216E-02   0.75610098E-03
  2498  -0.62082313E+01  -0.10732935E-02   0.75579999E-03
  2499  -0.62082373E+01  -0.10728657E-02   0.75549924E-03
  2500  -0.62082433E+01  -0.10724383E-02   0.75519872E-03
  2501  -0.62082492E+01  -0.10720111E-02   0.75489843E-03
  2502  -0.62082552E+01  -0.10715844E-02   0.75459837E-03
  2503  -0.62082611E+01  -0.10711579E-02   0.75429855E-03
  2504  -0.62082670E+01  -0.10707318E-02   0.75399897E-03
  2505  -0.62082728E+01  -0.10703061E-02   0.75369961E-03
  2506  -0.62082787E+01  -0.10698806E-02   0.75340049E-03
  2507  -0.62082845E+01  -0.10694555E-02   0.75310160E-03
  2508  -0.62082904E+01  -0.10690308E-02   0.75280294E-03
  2509  -0.62082962E+01  -0.10686063E-02   0.75250452E-03
  2510  -0.62083019E+01  -0.10681822E-02   0.75220632E-03
  2511  -0.62083077E+01  -0.10677585E-02   0.75190836E-03
  2512  -0.62083134E+01  -0.10673350E-02   0.75161063E-03
  2513  -0.62083192E+01  -0.10669120E-02   0.75131313E-03
  2514  -0.62083249E+01  -0.10664892E-02   0.75101586E-03
  2515  -0.62083305E+01  -0.10660667E-02   0.75071882E-03
  2516  -0.62083362E+01  -0.10656446E-02   0.75042201E-03
  2517  -0.62083418E+01  -0.10652229E-02   0.75012543E-03
  2518  -0.62083475E+01  -0.10648014E-02   0.74982908E-03
  2519  -0.62083531E+01  -0.10643803E-02   0.74953296E-03
  2520  -0.62083587E+01  -0.10639595E-02   0.74923707E-03
  2521  -0.62083642E+01  -0.10635391E-02   0.74894141E-03
  2522  -0.62083698E+01  -0.10631190E-02   0.74864597E-03
  2523  -0.62083753E+01  -0.10626992E-02   0.74835077E-03
  2524  -0.62083808E+01  -0.10622797E-02   0.74805579E-03
  2525  -0.62083863E+01  -0.10618605E-02   0.74776104E-03
  2526  -0.62083918E+01  -0.10614417E-02   0.74746652E-03
  2527  -0.62083972E+01  -0.10610232E-02   0.74717223E-03
  2528  -0.62084027E+01  -0.10606051E-02   0.74687816E-03
  2529  -0.62084081E+01  -0.10601872E-02   0.74658432E-03
  2530  -0.62084135E+01  -0.10597697E-02   0.74629070E-03
  2531  -0.62084189E+01  -0.10593526E-02   0.74599732E-03
  2532  -0.62084242E+01  -0.10589357E-02   0.74570415E-03
  2533  -0.62084296E+01  -0.10585192E-02   0.74541122E-03
  2534  -0.62084349E+01  -0.10581030E-02   0.74511851E-03
  2535  -0.62084402E+01  -0.10576871E-02   0.74482602E-03
  2536  -0.62084455E+01  -0.10572715E-02   0.74453376E-03
  2537  -0.62084508E+01  -0.10568563E-02   0.74424173E-03
  2538  -0.62084560E+01  -0.10564414E-02   0.74394992E-03
  2539  -0.62084613E+01  -0.10560268E-02   0.74365833E-03
  2540  -0.62084665E+01  -0.10556125E-02   0.74336697E-03
  2541  -0.62084717E+01  -0.10551985E-02   0.74307584E-03
  2542  -0.62084769E+01  -0.10547849E-02   0.74278492E-03
  2543  -0.62084821E+01  -0.10543716E-02   0.74249423E-03
  2544  -0.62084872E+01  -0.10539586E-02   0.74220376E-03
  2545  -0.62084923E+01  -0.10535460E-02   0.74191352E-03
  2546  -0.62084975E+01  -0.10531336E-02   0.74162350E-03
  2547  -0.62085026E+01  -0.10527216E-02   0.74133370E-03
  2548  -0.62085076E+01  -0.10523099E-02   0.74104412E-03
  2549  -0.62085127E+01  -0.10518985E-02   0.74075477E-03
  2550  -0.62085178E+01  -0.10514874E-02   0.74046563E-03
  2551  -0.62085228E+01  -0.10510767E-02   0.74017672E-03
  2552  -0.62085278E+01  -0.10506662E-02   0.73988803E-03
  2553  -0.62085328E+01  -0.10502561E-02   0.73959956E-03
  2554  -0.62085378E+01  -0.10498463E-02   0.73931131E-03
  2555  -0.62085428E+01  -0.10494368E-02   0.73902329E-03
  2556  -0.62085477E+01  -0.10490277E-02   0.73873548E-03
  2557  -0.62085526E+01  -0.10486188E-02   0.73844789E-03
  2558  -0.62085576E+01  -0.10482103E-02   0.73816052E-03
  2559  -0.62085625E+01  -0.10478021E-02   0.73787337E-03
  2560  -0.62085673E+01  -0.10473942E-02   0.73758645E-03
  2561  -0.62085722E+01  -0.10469866E-02   0.73729974E-03
  2562  -0.62085771E+01  -0.10465793E-02   0.73701324E-03
  2563  -0.62085819E+01  -0.10461724E-02   0.73672697E-03
  2564  -0.62085867E+01  -0.10457657E-02   0.73644092E-03
  2565  -0.62085915E+01  -0.10453594E-02   0.73615508E-03
  2566  -0.62085963E+01  -0.10449533E-02   0.73586946E-03
  2567  -0.62086011E+01  -0.10445476E-02   0.73558406E-03
  2568  -0.62086058E+01  -0.10441422E-02   0.73529888E-03
  2569  -0.62086106E+01  -0.10437372E-02   0.73501391E-03
  2570  -0.62086153E+01  -0.10433324E-02   0.73472917E-03
  2571  -0.62086200E+01  -0.10429279E-02   0.73444463E-03
  2572  -0.62086247E+01  -0.10425238E-02   0.73416032E-03
  2573  -0.62086294E+01  -0.10421199E-02   0.73387622E-03
  2574  -0.62086340E+01  -0.10417164E-02   0.73359234E-03
  2575  -0.62086387E+01  -0.10413132E-02   0.73330867E-03
  2576  -0.62086433E+01  -0.10409103E-02   0.73302522E-03
  2577  -0.62086479E+01  -0.10405077E-02   0.73274198E-03
  2578  -0.62086525E+01  -0.10401054E-02   0.73245896E-03
  2579  -0.62086571E+01  -0.10397034E-02   0.73217615E-03
  2580  -0.62086617E+01  -0.10393017E-02   0.73189356E-03
  2581  -0.62086662E+01  -0.10389003E-02   0.73161118E-03
  2582  -0.62086708E+01  -0.10384993E-02   0.73132902E-03
  2583  -0.62086753E+01  -0.10380985E-02   0.73104707E-03
  2584  -0.62086798E+01  -0.10376981E-02   0.73076533E-03
  2585  -0.62086843E+01  -0.10372979E-02   0.73048381E-03
  2586  -0.62086888E+01  -0.10368981E-02   0.73020250E-03
  2587  -0.62086932E+01  -0.10364985E-02   0.72992141E-03
  2588  -0.62086977E+01  -0.10360993E-02   0.72964052E-03
  2589  -0.62087021E+01  -0.10357004E-02   0.72935985E-03
  2590  -0.62087065E+01  -0.10353018E-02   0.72907939E-03
  2591  -0.62087109E+01  -0.10349035E-02   0.72879915E-03
  2592  -0.62087153E+01  -0.10345055E-02   0.72851911E-03
  2593  -0.62087197E+01  -0.10341078E-02   0.72823929E-03
  2594  -0.62087241E+01  -0.10337103E-02   0.72795968E-03
  2595  -0.62087284E+01  -0.10333132E-02   0.72768028E-03
  2596  -0.62087328E+01  -0.10329165E-02   0.72740109E-03
  2597  -0.62087371E+01  -0.10325200E-02   0.72712211E-03
  2598  -0.62087414E+01  -0.10321238E-02   0.72684334E-03
  2599  -0.62087457E+01  -0.10317279E-02   0.72656478E-03
  2600  -0.62087500E+01  -0.10313323E-02   0.72628644E-03
  2601  -0.62087542E+01  -0.10309370E-02   0.72600830E-03
  2602  -0.62087585E+01  -0.10305420E-02   0.72573037E-03
  2603  -0.62087627E+01  -0.10301473E-02   0.72545265E-03
  2604  -0.62087669E+01  -0.10297529E-02   0.72517514E-03
  2605  -0.62087711E+01  -0.10293588E-02   0.72489784E-03
  2606  -0.62087753E+01  -0.10289650E-02   0.72462075E-03
  2607  -0.62087795E+01  -0.10285715E-02   0.72434386E-03
  2608  -0.62087837E+01  -0.10281784E-02   0.72406719E-03
  2609  -0.62087878E+01  -0.10277855E-02   0.72379072E-03
  2610  -0.62087920E+01  -0.10273929E-02   0.72351446E-03
  2611  -0.62087961E+01  -0.10270006E-02   0.72323841E-03
  2612  -0.62088002E+01  -0.10266086E-02   0.72296256E-03
  2613  -0.62088043E+01  -0.10262168E-02   0.72268693E-03
  2614  -0.62088084E+01  -0.10258254E-02   0.72241150E-03
  2615  -0.62088125E+01  -0.10254343E-02   0.72213627E-03
  2616  -0.62088165E+01  -0.10250435E-02   0.72186125E-03
  2617  -0.62088206E+01  -0.10246530E-02   0.72158644E-03
  2618  -0.62088246E+01  -0.10242628E-02   0.72131184E-03
  2619  -0.62088286E+01  -0.10238728E-02   0.72103744E-03
  2620  -0.62088326E+01  -0.10234832E-02   0.72076324E-03
  2621  -0.62088366E+01  -0.10230938E-02   0.72048926E-03
  2622  -0.62088406E+01  -0.10227048E-02   0.72021547E-03
  2623  -0.62088446E+01  -0.10223160E-02   0.71994189E-03
  2624  -0.62088485E+01  -0.10219276E-02   0.71966852E-03
  2625  -0.62088525E+01  -0.10215394E-02   0.71939535E-03
  2626  -0.62088564E+01  -0.10211515E-02   0.71912238E-03
  2627  -0.62088603E+01  -0.10207639E-02   0.71884962E-03
  2628  -0.62088642E+01  -0.10203766E-02   0.71857707E-03
  2629  -0.62088681E+01  -0.10199896E-02   0.71830471E-03
  2630  -0.62088720E+01  -0.10196029E-02   0.71803256E-03
  2631  -0.62088759E+01  -0.10192165E-02   0.71776061E-03
  2632  -0.62088797E+01  -0.10188304E-02   0.71748887E-03
  2633  -0.62088836E+01  -0.10184445E-02   0.71721733E-03
  2634  -0.62088874E+01  -0.10180590E-02   0.71694599E-03
  2635  -0.62088912E+01  -0.10176737E-02   0.71667485E-03
  2636  -0.62088950E+01  -0.10172888E-02   0.71640392E-03
  2637  -0.62088988E+01  -0.10169041E-02   0.71613318E-03
  2638  -0.62089026E+01  -0.10165197E-02   0.71586265E-03
  2639  -0.62089064E+01  -0.10161356E-02   0.71559232E-03
  2640  -0.62089101E+01  -0.10157518E-02   0.71532219E-03
  2641  -0.62089139E+01  -0.10153683E-02   0.71505227E-03
  2642  -0.62089176E+01  -0.10149850E-02   0.71478254E-03
  2643  -0.62089213E+01  -0.10146021E-02   0.71451301E-03
  2644  -0.62089250E+01  -0.10142194E-02   0.71424369E-03
  2645  -0.62089287E+01  -0.10138370E-02   0.71397456E-03
  2646  -0.62089324E+01  -0.10134549E-02   0.71370564E-03
  2647  -0.62089361E+01  -0.10130731E-02   0.71343691E-03
  2648  -0.62089398E+01  -0.10126916E-02   0.71316838E-03
  2649  -0.62089434E+01  -0.10123104E-02   0.71290006E-03
  2650  -0.62089471E+01  -0.10119294E-02   0.71263193E-03
  2651  -0.62089507E+01  -0.10115487E-02   0.71236400E-03
  2652  -0.62089543E+01  -0.10111684E-02   0.71209627E-03
  2653  -0.62089579E+01  -0.10107883E-02   0.71182874E-03
  2654  -0.62089615E+01  -0.10104084E-02   0.71156140E-03
  2655  -0.62089651E+01  -0.10100289E-02   0.71129427E-03
  2656  -0.62089686E+01  -0.10096497E-02   0.71102733E-03
  2657  -0.62089722E+01  -0.10092707E-02   0.71076059E-03
  2658  -0.62089758E+01  -0.10088920E-02   0.71049404E-03
  2659  -0.62089793E+01  -0.10085136E-02   0.71022770E-03
  2660  -0.62089828E+01  -0.10081355E-02   0.70996155E-03
  2661  -0.62089863E+01  -0.10077577E-02   0.70969560E-03
  2662  -0.62089898E+01  -0.10073801E-02   0.70942984E-03
  2663  -0.62089933E+01  -0.10070028E-02   0.70916428E-03
  2664  -0.62089968E+01  -0.10066258E-02   0.70889892E-03
  2665  -0.62090003E+01  -0.10062491E-02   0.70863375E-03
  2666  -0.62090037E+01  -0.10058727E-02   0.70836878E-03
  2667  -0.62090072E+01  -0.10054965E-02   0.70810400E-03
  2668  -0.62090106E+01  -0.10051206E-02   0.70783942E-03
  2669  -0.62090140E+01  -0.10047450E-02   0.70757503E-03
  2670  -0.62090175E+01  -0.10043697E-02   0.70731084E-03
  2671  -0.62090209E+01  -0.10039947E-02   0.70704685E-03
  2672  -0.62090243E+01  -0.10036199E-02   0.70678305E-03
  2673  -0.62090276E+01  -0.10032454E-02   0.70651944E-03
  2674  -0.62090310E+01  -0.10028712E-02   0.70625602E-03
  2675  -0.62090344E+01  -0.10024973E-02   0.70599280E-03
  2676  -0.62090377E+01  -0.10021237E-02   0.70572978E-03
  2677  -0.62090411E+01  -0.10017503E-02   0.70546695E-03
  2678  -0.62090444E+01  -0.10013772E-02   0.70520431E-03
  2679  -0.62090477E+01  -0.10010044E-02   0.70494186E-03
  2680  -0.62090510E+01  -0.10006318E-02   0.70467961E-03
  2681  -0.62090543E+01  -0.10002595E-02   0.70441755E-03
  2682  -0.62090576E+01  -0.99988755E-03   0.70415568E-03
  2683  -0.62090609E+01  -0.99951583E-03   0.70389400E-03
  2684  -0.62090641E+01  -0.99914438E-03   0.70363252E-03
  2685  -0.62090674E+01  -0.99877321E-03   0.70337122E-03
  2686  -0.62090707E+01  -0.99840231E-03   0.70311012E-03
  2687  -0.62090739E+01  -0.99803169E-03   0.70284921E-03
  2688  -0.62090771E+01  -0.99766134E-03   0.70258850E-03
  2689  -0.62090803E+01  -0.99729126E-03   0.70232797E-03
  2690  -0.62090835E+01  -0.99692145E-03   0.70206763E-03
  2691  -0.62090867E+01  -0.99655192E-03   0.70180749E-03
  2692  -0.62090899E+01  -0.99618266E-03   0.70154753E-03
  2693  -0.62090931E+01  -0.99581367E-03   0.70128777E-03
  2694  -0.62090963E+01  -0.99544495E-03   0.70102819E-03
  2695  -0.62090994E+01  -0.99507651E-03   0.70076881E-03
  2696  -0.62091026E+01  -0.99470833E-03   0.70050961E-03
  2697  -0.62091057E+01  -0.99434043E-03   0.70025060E-03
  2698  -0.62091088E+01  -0.99397279E-03   0.69999179E-03
  2699  -0.62091120E+01  -0.99360543E-03   0.69973316E-03
  2700  -0.62091151E+01  -0.99323833E-03   0.69947472E-03
  2701  -0.62091182E+01  -0.99287151E-03   0.69921647E-03
  2702  -0.62091213E+01  -0.99250495E-03   0.69895840E-03
  2703  -0.62091243E+01  -0.99213867E-03   0.69870053E-03
  2704  -0.62091274E+01  -0.99177265E-03   0.69844284E-03
  2705  -0.62091305E+01  -0.99140690E-03   0.69818535E-03
  2706  -0.62091335E+01  -0.99104142E-03   0.69792803E-03
  2707  -0.62091366E+01  -0.99067621E-03   0.69767091E-03
  2708  -0.62091396E+01  -0.99031126E-03   0.69741397E-03
  2709  -0.62091426E+01  -0.98994658E-03   0.69715722E-03
  2710  -0.62091456E+01  -0.98958217E-03   0.69690066E-03
  2711  -0.62091486E+01  -0.98921803E-03   0.69664429E-03
  2712  -0.62091516E+01  -0.98885415E-03   0.69638810E-03
  2713  -0.62091546E+01  -0.98849054E-03   0.69613209E-03
  2714  -0.62091576E+01  -0.98812719E-03   0.69587628E-03
  2715  -0.62091606E+01  -0.98776411E-03   0.69562064E-03
  2716  -0.62091635E+01  -0.98740129E-03   0.69536520E-03
  2717  -0.62091665E+01  -0.98703874E-03   0.69510994E-03
  2718  -0.62091694E+01  -0.98667645E-03   0.69485486E-03
  2719  -0.62091723E+01  -0.98631443E-03   0.69459997E-03
  2720  -0.62091753E+01  -0.98595267E-03   0.69434527E-03
  2721  -0.62091782E+01  -0.98559118E-03   0.69409075E-03
  2722  -0.62091811E+01  -0.98522995E-03   0.69383641E-03
  2723  -0.62091840E+01  -0.98486898E-03   0.69358226E-03
  2724  -0.62091869E+01  -0.98450828E-03   0.69332829E-03
  2725  -0.62091897E+01  -0.98414783E-03   0.69307451E-03
  2726  -0.62091926E+01  -0.98378765E-03   0.69282091E-03
  2727  -0.62091955E+01  -0.98342774E-03   0.69256749E-03
  2728  -0.62091983E+01  -0.98306808E-03   0.69231426E-03
  2729  -0.62092012E+01  -0.98270869E-03   0.69206121E-03
  2730  -0.62092040E+01  -0.98234955E-03   0.69180834E-03
  2731  -0.62092068E+01  -0.98199068E-03   0.69155566E-03
  2732  -0.62092097E+01  -0.98163207E-03   0.69130315E-03
  2733  -0.62092125E+01  -0.98127372E-03   0.69105083E-03
  2734  -0.62092153E+01  -0.98091563E-03   0.69079870E-03
  2735  -0.62092181E+01  -0.98055780E-03   0.69054674E-03
  2736  -0.62092208E+01  -0.98020023E-03   0.69029497E-03
  2737  -0.62092236E+01  -0.97984292E-03   0.69004338E-03
  2738  -0.62092264E+01  -0.97948586E-03   0.68979197E-03
  2739  -0.62092291E+01  -0.97912907E-03   0.68954074E-03
  2740  -0.62092319E+01  -0.97877253E-03   0.68928969E-03
  2741  -0.62092346E+01  -0.97841626E-03   0.68903882E-03
  2742  -0.62092374E+01  -0.97806024E-03   0.68878813E-03
  2743  -0.62092401E+01  -0.97770448E-03   0.68853763E-03
  2744  -0.62092428E+01  -0.97734897E-03   0.68828730E-03
  2745  -0.62092455E+01  -0.97699372E-03   0.68803715E-03
  2746  -0.62092482E+01  -0.97663873E-03   0.68778719E-03
  2747  -0.62092509E+01  -0.97628400E-03   0.68753740E-03
  2748  -0.62092536E+01  -0.97592952E-03   0.68728779E-03
  2749  -0.62092563E+01  -0.97557530E-03   0.68703837E-03
  2750  -0.62092589E+01  -0.97522133E-03   0.68678912E-03
  2751  -0.62092616E+01  -0.97486762E-03   0.68654005E-03
  2752  -0.62092643E+01  -0.97451417E-03   0.68629116E-03
  2753  -0.62092669E+01  -0.97416097E-03   0.68604244E-03
  2754  -0.62092695E+01  -0.97380802E-03   0.68579391E-03
  2755  -0.62092722E+01  -0.97345533E-03   0.68554556E-03
  2756  -0.62092748E+01  -0.97310289E-03   0.68529738E-03
  2757  -0.62092774E+01  -0.97275071E-03   0.68504938E-03
  2758  -0.62092800E+01  -0.97239878E-03   0.68480156E-03
  2759  -0.62092826E+01  -0.97204710E-03   0.68455391E-03
  2760  -0.62092852E+01  -0.97169568E-03   0.68430644E-03
  2761  -0.62092878E+01  -0.97134451E-03   0.68405915E-03
  2762  -0.62092904E+01  -0.97099359E-03   0.68381204E-03
  2763  -0.62092929E+01  -0.97064292E-03   0.68356510E-03
  2764  -0.62092955E+01  -0.97029251E-03   0.68331834E-03
  2765  -0.62092980E+01  -0.96994235E-03   0.68307176E-03
  2766  -0.62093006E+01  -0.96959244E-03   0.68282535E-03
  2767  -0.62093031E+01  -0.96924278E-03   0.68257912E-03
  2768  -0.62093056E+01  -0.96889337E-03   0.68233306E-03
  2769  -0.62093082E+01  -0.96854421E-03   0.68208718E-03
  2770  -0.62093107E+01  -0.96819530E-03   0.68184148E-03
  2771  -0.62093132E+01  -0.96784664E-03   0.68159595E-03
  2772  -0.62093157E+01  -0.96749824E-03   0.68135060E-03
  2773  -0.62093182E+01  -0.96715008E-03   0.68110542E-03
  2774  -0.62093207E+01  -0.96680217E-03   0.68086041E-03
  2775  -0.62093231E+01  -0.96645451E-03   0.68061558E-03
  2776  -0.62093256E+01  -0.96610710E-03   0.68037093E-03
  2777  -0.62093281E+01  -0.96575993E-03   0.68012644E-03
  2778  -0.62093305E+01  -0.96541302E-03   0.67988214E-03
  2779  -0.62093330E+01  -0.96506635E-03   0.67963800E-03
  2780  -0.62093354E+01  -0.96471993E-03   0.67939404E-03
  2781  -0.62093379E+01  -0.96437376E-03   0.67915026E-03
  2782  -0.62093403E+01  -0.96402784E-03   0.67890664E-03
  2783  -0.62093427E+01  -0.96368216E-03   0.67866320E-03
  2784  -0.62093451E+01  -0.96333673E-03   0.67841994E-03
  2785  -0.62093475E+01  -0.96299154E-03   0.67817684E-03
  2786  -0.62093499E+01  -0.96264661E-03   0.67793392E-03
  2787  -0.62093523E+01  -0.96230191E-03   0.67769117E-03
  2788  -0.62093547E+01  -0.96195747E-03   0.67744859E-03
  2789  -0.62093571E+01  -0.96161327E-03   0.67720619E-03
  2790  -0.62093595E+01  -0.96126931E-03   0.67696395E-03
  2791  -0.62093618E+01  -0.96092560E-03   0.67672189E-03
  2792  -0.62093642E+01  -0.96058213E-03   0.67648000E-03
  2793  -0.62093665E+01  -0.96023891E-03   0.67623828E-03
  2794  -0.62093689E+01  -0.95989593E-03   0.67599673E-03
  2795  -0.62093712E+01  -0.95955320E-03   0.67575536E-03
  2796  -0.62093735E+01  -0.95921071E-03   0.67551415E-03
  2797  -0.62093759E+01  -0.95886846E-03   0.67527312E-03
  2798  -0.62093782E+01  -0.95852646E-03   0.67503225E-03
  2799  -0.62093805E+01  -0.95818469E-03   0.67479156E-03
  2800  -0.62093828E+01  -0.95784317E-03   0.67455103E-03
  2801  -0.62093851E+01  -0.95750190E-03   0.67431068E-03
  2802  -0.62093874E+01  -0.95716086E-03   0.67407049E-03
  2803  -0.62093897E+01  -0.95682007E-03   0.67383048E-03
  2804  -0.62093919E+01  -0.95647952E-03   0.67359063E-03
  2805  -0.62093942E+01  -0.95613921E-03   0.67335095E-03
  2806  -0.62093965E+01  -0.95579914E-03   0.67311145E-03
  2807  -0.62093987E+01  -0.95545931E-03   0.67287211E-03
  2808  -0.62094010E+01  -0.95511972E-03   0.67263294E-03
  2809  -0.62094032E+01  -0.95478038E-03   0.67239394E-03
  2810  -0.62094055E+01  -0.95444127E-03   0.67215510E-03
  2811  -0.62094077E+01  -0.95410240E-03   0.67191644E-03
  2812  -0.62094099E+01  -0.95376377E-03   0.67167794E-03
  2813  -0.62094121E+01  -0.95342539E-03   0.67143961E-03
  2814  -0.62094144E+01  -0.95308724E-03   0.67120145E-03
  2815  -0.62094166E+01  -0.95274933E-03   0.67096346E-03
  2816  -0.62094188E+01  -0.95241165E-03   0.67072563E-03
  2817  -0.62094210E+01  -0.95207422E-03   0.67048797E-03
  2818  -0.62094231E+01  -0.95173702E-03   0.67025048E-03
  2819  -0.62094253E+01  -0.95140006E-03   0.67001315E-03
  2820  -0.62094275E+01  -0.95106334E-03   0.66977599E-03
  2821  -0.62094297E+01  -0.95072686E-03   0.66953900E-03
  2822  -0.62094318E+01  -0.95039061E-03   0.66930217E-03
  2823  -0.62094340E+01  -0.95005460E-03   0.66906551E-03
  2824  -0.62094361E+01  -0.94971883E-03   0.66882902E-03
  2825  -0.62094383E+01  -0.94938329E-03   0.66859269E-03
  2826  -0.62094404E+01  -0.94904799E-03   0.66835653E-03
  2827  -0.62094426E+01  -0.94871293E-03   0.66812053E-03
  2828  -0.62094447E+01  -0.94837810E-03   0.66788470E-03
  2829  -0.62094468E+01  -0.94804351E-03   0.66764903E-03
  2830  -0.62094489E+01  -0.94770915E-03   0.66741353E-03
  2831  -0.62094510E+01  -0.94737502E-03   0.66717819E-03
  2832  -0.62094531E+01  -0.94704113E-03   0.66694302E-03
  2833  -0.62094552E+01  -0.94670748E-03   0.66670801E-03
  2834  -0.62094573E+01  -0.94637406E-03   0.66647316E-03
  2835  -0.62094594E+01  -0.94604087E-03   0.66623848E-03
  2836  -0.62094615E+01  -0.94570792E-03   0.66600397E-03
  2837  -0.62094636E+01  -0.94537519E-03   0.66576962E-03
  2838  -0.62094656E+01  -0.94504271E-03   0.66553543E-03
  2839  -0.62094677E+01  -0.94471045E-03   0.66530140E-03
  2840  -0.62094697E+01  -0.94437843E-03   0.66506754E-03
  2841  -0.62094718E+01  -0.94404664E-03   0.66483384E-03
  2842  -0.62094738E+01  -0.94371509E-03   0.66460030E-03
  2843  -0.62094759E+01  -0.94338376E-03   0.66436693E-03
  2844  -0.62094779E+01  -0.94305267E-03   0.66413372E-03
  2845  -0.62094799E+01  -0.94272180E-03   0.66390067E-03
  2846  -0.62094820E+01  -0.94239117E-03   0.66366779E-03
  2847  -0.62094840E+01  -0.94206077E-03   0.66343506E-03
  2848  -0.62094860E+01  -0.94173061E-03   0.66320250E-03
  2849  -0.62094880E+01  -0.94140067E-03   0.66297010E-03
  2850  -0.62094900E+01  -0.94107096E-03   0.66273786E-03
  2851  -0.62094920E+01  -0.94074148E-03   0.66250578E-03
  2852  -0.62094940E+01  -0.94041223E-03   0.66227387E-03
  2853  -0.62094960E+01  -0.94008321E-03   0.66204211E-03
  2854  -0.62094979E+01  -0.93975442E-03   0.66181052E-03
  2855  -0.62094999E+01  -0.93942586E-03   0.66157909E-03
  2856  -0.62095019E+01  -0.93909753E-03   0.66134781E-03
  2857  -0.62095038E+01  -0.93876943E-03   0.66111670E-03
  2858  -0.62095058E+01  -0.93844155E-03   0.66088575E-03
  2859  -0.62095078E+01  -0.93811390E-03   0.66065496E-03
  2860  -0.62095097E+01  -0.93778649E-03   0.66042433E-03
  2861  -0.62095116E+01  -0.93745929E-03   0.66019386E-03
  2862  -0.62095136E+01  -0.93713233E-03   0.65996354E-03
  2863  -0.62095155E+01  -0.93680559E-03   0.65973339E-03
  2864  -0.62095174E+01  -0.93647908E-03   0.65950340E-03
  2865  -0.62095193E+01  -0.93615280E-03   0.65927356E-03
  2866  -0.62095213E+01  -0.93582674E-03   0.65904389E-03
  2867  -0.62095232E+01  -0.93550091E-03   0.65881437E-03
  2868  -0.62095251E+01  -0.93517531E-03   0.65858502E-03
  2869  -0.62095270E+01  -0.93484993E-03   0.65835582E-03
  2870  -0.62095289E+01  -0.93452478E-03   0.65812678E-03
  2871  -0.62095308E+01  -0.93419985E-03   0.65789789E-03
  2872  -0.62095326E+01  -0.93387515E-03   0.65766917E-03
  2873  -0.62095345E+01  -0.93355067E-03   0.65744060E-03
  2874  -0.62095364E+01  -0.93322642E-03   0.65721219E-03
  2875  -0.62095383E+01  -0.93290239E-03   0.65698394E-03
  2876  -0.62095401E+01  -0.93257858E-03   0.65675585E-03
  2877  -0.62095420E+01  -0.93225500E-03   0.65652791E-03
  2878  -0.62095438E+01  -0.93193165E-03   0.65630013E-03
  2879  -0.62095457E+01  -0.93160851E-03   0.65607251E-03
  2880  -0.62095475E+01  -0.93128560E-03   0.65584504E-03
  2881  -0.62095494E+01  -0.93096292E-03   0.65561773E-03
  2882  -0.62095512E+01  -0.93064045E-03   0.65539058E-03
  2883  -0.62095530E+01  -0.93031821E-03   0.65516358E-03
  2884  -0.62095548E+01  -0.92999619E-03   0.65493674E-03
  2885  -0.62095567E+01  -0.92967439E-03   0.65471006E-03
  2886  -0.62095585E+01  -0.92935282E-03   0.65448353E-03
  2887  -0.62095603E+01  -0.92903146E-03   0.65425716E-03
  2888  -0.62095621E+01  -0.92871033E-03   0.65403094E-03
  2889  -0.62095639E+01  -0.92838942E-03   0.65380488E-03
  2890  -0.62095657E+01  -0.92806873E-03   0.65357897E-03
  2891  -0.62095675E+01  -0.92774826E-03   0.65335322E-03
  2892  -0.62095693E+01  -0.92742801E-03   0.65312762E-03
  2893  -0.62095710E+01  -0.92710798E-03   0.65290218E-03
  2894  -0.62095728E+01  -0.92678817E-03   0.65267689E-03
  2895  -0.62095746E+01  -0.92646858E-03   0.65245176E-03
  2896  -0.62095764E+01  -0.92614922E-03   0.65222678E-03
  2897  -0.62095781E+01  -0.92583007E-03   0.65200195E-03
  2898  -0.62095799E+01  -0.92551114E-03   0.65177728E-03
  2899  -0.62095816E+01  -0.92519242E-03   0.65155277E-03
  2900  -0.62095834E+01  -0.92487393E-03   0.65132840E-03
  2901  -0.62095851E+01  -0.92455566E-03   0.65110419E-03
  2902  -0.62095869E+01  -0.92423760E-03   0.65088014E-03
  2903  -0.62095886E+01  -0.92391976E-03   0.65065623E-03
  2904  -0.62095903E+01  -0.92360214E-03   0.65043248E-03
  2905  -0.62095920E+01  -0.92328474E-03   0.65020888E-03
  2906  -0.62095938E+01  -0.92296755E-03   0.64998544E-03
  2907  -0.62095955E+01  -0.92265059E-03   0.64976215E-03
  2908  -0.62095972E+01  -0.92233384E-03   0.64953901E-03
  2909  -0.62095989E+01  -0.92201730E-03   0.64931602E-03
  2910  -0.62096006E+01  -0.92170098E-03   0.64909318E-03
  2911  -0.62096023E+01  -0.92138488E-03   0.64887050E-03
  2912  -0.62096040E+01  -0.92106900E-03   0.64864797E-03
  2913  -0.62096057E+01  -0.92075333E-03   0.64842559E-03
  2914  -0.62096074E+01  -0.92043787E-03   0.64820336E-03
  2915  -0.62096090E+01  -0.92012264E-03   0.64798128E-03
  2916  -0.62096107E+01  -0.91980761E-03   0.64775936E-03
  2917  -0.62096124E+01  -0.91949280E-03   0.64753758E-03
  2918  -0.62096141E+01  -0.91917821E-03   0.64731596E-03
  2919  -0.62096157E+01  -0.91886383E-03   0.64709448E-03
  2920  -0.62096174E+01  -0.91854967E-03   0.64687316E-03
  2921  -0.62096190E+01  -0.91823572E-03   0.64665199E-03
  2922  -0.62096207E+01  -0.91792198E-03   0.64643097E-03
  2923  -0.62096223E+01  -0.91760846E-03   0.64621009E-03
  2924  -0.62096240E+01  -0.91729515E-03   0.64598937E-03
  2925  -0.62096256E+01  -0.91698205E-03   0.64576880E-03
  2926  -0.62096272E+01  -0.91666917E-03   0.64554838E-03
  2927  -0.62096289E+01  -0.91635650E-03   0.64532810E-03
  2928  -0.62096305E+01  -0.91604404E-03   0.64510798E-03
  2929  -0.62096321E+01  -0.91573179E-03   0.64488801E-03
  2930  -0.62096337E+01  -0.91541976E-03   0.64466818E-03
  2931  -0.62096354E+01  -0.91510794E-03   0.64444850E-03
  2932  -0.62096370E+01  -0.91479633E-03   0.64422898E-03
  2933  -0.62096386E+01  -0.91448493E-03   0.64400960E-03
  2934  -0.62096402E+01  -0.91417375E-03   0.64379037E-03
  2935  -0.62096418E+01  -0.91386277E-03   0.64357129E-03
  2936  -0.62096434E+01  -0.91355201E-03   0.64335235E-03
  2937  -0.62096449E+01  -0.91324145E-03   0.64313357E-03
  2938  -0.62096465E+01  -0.91293111E-03   0.64291493E-03
  2939  -0.62096481E+01  -0.91262098E-03   0.64269644E-03
  2940  -0.62096497E+01  -0.91231105E-03   0.64247810E-03
  2941  -0.62096513E+01  -0.91200134E-03   0.64225990E-03
  2942  -0.62096528E+01  -0.91169184E-03   0.64204185E-03
  2943  -0.62096544E+01  -0.91138254E-03   0.64182395E-03
  2944  -0.62096559E+01  -0.91107346E-03   0.64160620E-03
  2945  -0.62096575E+01  -0.91076458E-03   0.64138859E-03
  2946  -0.62096591E+01  -0.91045591E-03   0.64117113E-03
  2947  -0.62096606E+01  -0.91014745E-03   0.64095382E-03
  2948  -0.62096622E+01  -0.90983920E-03   0.64073665E-03
  2949  -0.62096637E+01  -0.90953116E-03   0.64051963E-03
  2950  -0.62096652E+01  -0.90922333E-03   0.64030276E-03
  2951  -0.62096668E+01  -0.90891570E-03   0.64008603E-03
  2952  -0.62096683E+01  -0.90860828E-03   0.63986945E-03
  2953  -0.62096698E+01  -0.90830107E-03   0.63965301E-03
  2954  -0.62096713E+01  -0.90799407E-03   0.63943672E-03
  2955  -0.62096729E+01  -0.90768727E-03   0.63922058E-03
  2956  -0.62096744E+01  -0.90738068E-03   0.63900458E-03
  2957  -0.62096759E+01  -0.90707429E-03   0.63878872E-03
  2958  -0.62096774E+01  -0.90676812E-03   0.63857301E-03
  2959  -0.62096789E+01  -0.90646214E-03   0.63835745E-03
  2960  -0.62096804E+01  -0.90615638E-03   0.63814202E-03
  2961  -0.62096819E+01  -0.90585082E-03   0.63792675E-03
  2962  -0.62096834E+01  -0.90554546E-03   0.63771162E-03
  2963  -0.62096849E+01  -0.90524031E-03   0.63749663E-03
  2964  -0.62096864E+01  -0.90493537E-03   0.63728179E-03
  2965  -0.62096878E+01  -0.90463063E-03   0.63706709E-03
  2966  -0.62096893E+01  -0.90432609E-03   0.63685253E-03
  2967  -0.62096908E+01  -0.90402176E-03   0.63663812E-03
  2968  -0.62096923E+01  -0.90371764E-03   0.63642385E-03
  2969  -0.62096937E+01  -0.90341371E-03   0.63620973E-03
  2970  -0.62096952E+01  -0.90311000E-03   0.63599575E-03
  2971  -0.62096966E+01  -0.90280648E-03   0.63578191E-03
  2972  -0.62096981E+01  -0.90250317E-03   0.63556821E-03
  2973  -0.62096996E+01  -0.90220006E-03   0.63535466E-03
  2974  -0.62097010E+01  -0.90189716E-03   0.63514125E-03
  2975  -0.62097025E+01  -0.90159445E-03   0.63492799E-03
  2976  -0.62097039E+01  -0.90129195E-03   0.63471486E-03
  2977  -0.62097053E+01  -0.90098966E-03   0.63450188E-03
  2978  -0.62097068E+01  -0.90068756E-03   0.63428904E-03
  2979  -0.62097082E+01  -0.90038567E-03   0.63407634E-03
  2980  -0.62097096E+01  -0.90008398E-03   0.63386379E-03
  2981  -0.62097111E+01  -0.89978249E-03   0.63365137E-03
  2982  -0.62097125E+01  -0.89948120E-03   0.63343910E-03
  2983  -0.62097139E+01  -0.89918011E-03   0.63322697E-03
  2984  -0.62097153E+01  -0.89887922E-03   0.63301498E-03
  2985  -0.62097167E+01  -0.89857854E-03   0.63280313E-03
  2986  -0.62097181E+01  -0.89827805E-03   0.63259142E-03
  2987  -0.62097195E+01  -0.89797777E-03   0.63237986E-03
  2988  -0.62097209E+01  -0.89767769E-03   0.63216843E-03
  2989  -0.62097223E+01  -0.89737780E-03   0.63195715E-03
  2990  -0.62097237E+01  -0.89707812E-03   0.63174600E-03
  2991  -0.62097251E+01  -0.89677863E-03   0.63153500E-03
  2992  -0.62097265E+01  -0.89647935E-03   0.63132413E-03
  2993  -0.62097279E+01  -0.89618026E-03   0.63111341E-03
  2994  -0.62097293E+01  -0.89588137E-03   0.63090283E-03
  2995  -0.62097306E+01  -0.89558269E-03   0.63069238E-03
  2996  -0.62097320E+01  -0.89528420E-03   0.63048208E-03
  2997  -0.62097334E+01  -0.89498591E-03   0.63027191E-03
  2998  -0.62097348E+01  -0.89468781E-03   0.63006189E-03
  2999  -0.62097361E+01  -0.89438992E-03   0.62985200E-03
  3000  -0.62097375E+01  -0.89409222E-03   0.62964225E-03
  3001  -0.62097388E+01  -0.89379472E-03   0.62943264E-03
  3002  -0.62097402E+01  -0.89349742E-03   0.62922318E-03
  3003  -0.62097416E+01  -0.89320032E-03   0.62901385E-03
  3004  -0.62097429E+01  -0.89290341E-03   0.62880465E-03
  3005  -0.62097442E+01  -0.89260670E-03   0.62859560E-03
  3006  -0.62097456E+01  -0.89231018E-03   0.62838669E-03
  3007  -0.62097469E+01  -0.89201387E-03   0.62817791E-03
  3008  -0.62097483E+01  -0.89171774E-03   0.62796927E-03
  3009  -0.62097496E+01  -0.89142182E-03   0.62776077E-03
  3010  -0.62097509E+01  -0.89112609E-03   0.62755241E-03
  3011  -0.62097523E+01  -0.89083056E-03   0.62734418E-03
  3012  -0.62097536E+01  -0.89053522E-03   0.62713609E-03
  3013  -0.62097549E+01  -0.89024008E-03   0.62692814E-03
  3014  -0.62097562E+01  -0.88994513E-03   0.62672033E-03
  3015  -0.62097575E+01  -0.88965038E-03   0.62651265E-03
  3016  -0.62097588E+01  -0.88935582E-03   0.62630511E-03
  3017  -0.62097602E+01  -0.88906146E-03   0.62609771E-03
  3018  -0.62097615E+01  -0.88876729E-03   0.62589044E-03
  3019  -0.62097628E+01  -0.88847331E-03   0.62568332E-03
  3020  -0.62097641E+01  -0.88817953E-03   0.62547632E-03
  3021  -0.62097654E+01  -0.88788595E-03   0.62526947E-03
  3022  -0.62097667E+01  -0.88759255E-03   0.62506275E-03
  3023  -0.62097679E+01  -0.88729935E-03   0.62485616E-03
  3024  -0.62097692E+01  -0.88700635E-03   0.62464971E-03
  3025  -0.62097705E+01  -0.88671353E-03   0.62444340E-03
  3026  -0.62097718E+01  -0.88642091E-03   0.62423723E-03
  3027  -0.62097731E+01  -0.88612848E-03   0.62403118E-03
  3028  -0.62097744E+01  -0.88583625E-03   0.62382528E-03
  3029  -0.62097756E+01  -0.88554420E-03   0.62361951E-03
  3030  -0.62097769E+01  -0.88525235E-03   0.62341387E-03
  3031  -0.62097782E+01  -0.88496069E-03   0.62320837E-03
  3032  -0.62097794E+01  -0.88466923E-03   0.62300301E-03
  3033  -0.62097807E+01  -0.88437795E-03   0.62279778E-03
  3034  -0.62097820E+01  -0.88408687E-03   0.62259268E-03
  3035  -0.62097832E+01  -0.88379597E-03   0.62238772E-03
  3036  -0.62097845E+01  -0.88350527E-03   0.62218289E-03
  3037  -0.62097857E+01  -0.88321476E-03   0.62197820E-03
  3038  -0.62097870E+01  -0.88292444E-03   0.62177364E-03
  3039  -0.62097882E+01  -0.88263431E-03   0.62156921E-03
  3040  -0.62097894E+01  -0.88234437E-03   0.62136492E-03
  3041  -0.62097907E+01  -0.88205462E-03   0.62116076E-03
  3042  -0.62097919E+01  -0.88176505E-03   0.62095674E-03
  3043  -0.62097932E+01  -0.88147568E-03   0.62075285E-03
  3044  -0.62097944E+01  -0.88118650E-03   0.62054909E-03
  3045  -0.62097956E+01  -0.88089751E-03   0.62034547E-03
  3046  -0.62097968E+01  -0.88060871E-03   0.62014198E-03
  3047  -0.62097981E+01  -0.88032009E-03   0.61993862E-03
  3048  -0.62097993E+01  -0.88003167E-03   0.61973539E-03
  3049  -0.62098005E+01  -0.87974343E-03   0.61953230E-03
  3050  -0.62098017E+01  -0.87945538E-03   0.61932934E-03
  3051  -0.62098029E+01  -0.87916752E-03   0.61912651E-03
  3052  -0.62098041E+01  -0.87887985E-03   0.61892382E-03
  3053  -0.62098053E+01  -0.87859237E-03   0.61872126E-03
  3054  -0.62098066E+01  -0.87830507E-03   0.61851882E-03
  3055  -0.62098078E+01  -0.87801796E-03   0.61831652E-03
  3056  -0.62098090E+01  -0.87773104E-03   0.61811436E-03
  3057  -0.62098101E+01  -0.87744430E-03   0.61791232E-03
  3058  -0.62098113E+01  -0.87715775E-03   0.61771042E-03
  3059  -0.62098125E+01  -0.87687139E-03   0.61750864E-03
  3060  -0.62098137E+01  -0.87658522E-03   0.61730700E-03
  3061  -0.62098149E+01  -0.87629923E-03   0.61710549E-03
  3062  -0.62098161E+01  -0.87601343E-03   0.61690411E-03
  3063  -0.62098173E+01  -0.87572781E-03   0.61670286E-03
  3064  -0.62098185E+01  -0.87544238E-03   0.61650175E-03
  3065  -0.62098196E+01  -0.87515714E-03   0.61630076E-03
  3066  -0.62098208E+01  -0.87487208E-03   0.61609990E-03
  3067  -0.62098220E+01  -0.87458720E-03   0.61589918E-03
  3068  -0.62098231E+01  -0.87430252E-03   0.61569858E-03
  3069  -0.62098243E+01  -0.87401801E-03   0.61549811E-03
  3070  -0.62098255E+01  -0.87373369E-03   0.61529778E-03
  3071  -0.62098266E+01  -0.87344956E-03   0.61509757E-03
  3072  -0.62098278E+01  -0.87316561E-03   0.61489750E-03
  3073  -0.62098289E+01  -0.87288184E-03   0.61469755E-03
  3074  -0.62098301E+01  -0.87259826E-03   0.61449773E-03
  3075  -0.62098312E+01  -0.87231486E-03   0.61429804E-03
  3076  -0.62098324E+01  -0.87203165E-03   0.61409849E-03
  3077  -0.62098335E+01  -0.87174862E-03   0.61389906E-03
  3078  -0.62098347E+01  -0.87146577E-03   0.61369976E-03
  3079  -0.62098358E+01  -0.87118311E-03   0.61350058E-03
  3080  -0.62098370E+01  -0.87090063E-03   0.61330154E-03
  3081  -0.62098381E+01  -0.87061833E-03   0.61310263E-03
  3082  -0.62098392E+01  -0.87033621E-03   0.61290384E-03
  3083  -0.62098404E+01  -0.87005428E-03   0.61270519E-03
  3084  -0.62098415E+01  -0.86977253E-03   0.61250666E-03
  3085  -0.62098426E+01  -0.86949096E-03   0.61230826E-03
  3086  -0.62098437E+01  -0.86920957E-03   0.61210998E-03
  3087  -0.62098449E+01  -0.86892837E-03   0.61191184E-03
  3088  -0.62098460E+01  -0.86864734E-03   0.61171382E-03
  3089  -0.62098471E+01  -0.86836650E-03   0.61151593E-03
  3090  -0.62098482E+01  -0.86808584E-03   0.61131817E-03
  3091  -0.62098493E+01  -0.86780536E-03   0.61112054E-03
  3092  -0.62098504E+01  -0.86752506E-03   0.61092303E-03
  3093  -0.62098515E+01  -0.86724494E-03   0.61072565E-03
  3094  -0.62098527E+01  -0.86696500E-03   0.61052840E-03
  3095  -0.62098538E+01  -0.86668525E-03   0.61033127E-03
  3096  -0.62098549E+01  -0.86640567E-03   0.61013427E-03
  3097  -0.62098560E+01  -0.86612627E-03   0.60993740E-03
  3098  -0.62098570E+01  -0.86584705E-03   0.60974066E-03
  3099  -0.62098581E+01  -0.86556802E-03   0.60954404E-03
  3100  -0.62098592E+01  -0.86528916E-03   0.60934754E-03
  3101  -0.62098603E+01  -0.86501048E-03   0.60915118E-03
  3102  -0.62098614E+01  -0.86473198E-03   0.60895494E-03
  3103  -0.62098625E+01  -0.86445366E-03   0.60875882E-03
  3104  -0.62098636E+01  -0.86417552E-03   0.60856283E-03
  3105  -0.62098647E+01  -0.86389755E-03   0.60836697E-03
  3106  -0.62098657E+01  -0.86361977E-03   0.60817123E-03
  3107  -0.62098668E+01  -0.86334216E-03   0.60797562E-03
  3108  -0.62098679E+01  -0.86306473E-03   0.60778014E-03
  3109  -0.62098690E+01  -0.86278748E-03   0.60758477E-03
  3110  -0.62098700E+01  -0.86251041E-03   0.60738954E-03
  3111  -0.62098711E+01  -0.86223351E-03   0.60719443E-03
  3112  -0.62098722E+01  -0.86195680E-03   0.60699944E-03
  3113  -0.62098732E+01  -0.86168026E-03   0.60680458E-03
  3114  -0.62098743E+01  -0.86140389E-03   0.60660984E-03
  3115  -0.62098753E+01  -0.86112771E-03   0.60641523E-03
  3116  -0.62098764E+01  -0.86085170E-03   0.60622074E-03
  3117  -0.62098775E+01  -0.86057586E-03   0.60602638E-03
  3118  -0.62098785E+01  -0.86030021E-03   0.60583214E-03
  3119  -0.62098796E+01  -0.86002473E-03   0.60563803E-03
  3120  -0.62098806E+01  -0.85974942E-03   0.60544403E-03
  3121  -0.62098817E+01  -0.85947429E-03   0.60525017E-03
  3122  -0.62098827E+01  -0.85919934E-03   0.60505642E-03
  3123  -0.62098837E+01  -0.85892456E-03   0.60486280E-03
  3124  -0.62098848E+01  -0.85864996E-03   0.60466931E-03
  3125  -0.62098858E+01  -0.85837554E-03   0.60447593E-03
  3126  -0.62098869E+01  -0.85810129E-03   0.60428268E-03
  3127  -0.62098879E+01  -0.85782721E-03   0.60408956E-03
  3128  -0.62098889E+01  -0.85755331E-03   0.60389655E-03
  3129  -0.62098899E+01  -0.85727958E-03   0.60370367E-03
  3130  -0.62098910E+01  -0.85700603E-03   0.60351092E-03
  3131  -0.62098920E+01  -0.85673265E-03   0.60331828E-03
  3132  -0.62098930E+01  -0.85645945E-03   0.60312577E-03
  3133  -0.62098940E+01  -0.85618642E-03   0.60293338E-03
  3134  -0.62098951E+01  -0.85591356E-03   0.60274111E-03
  3135  -0.62098961E+01  -0.85564088E-03   0.60254896E-03
  3136  -0.62098971E+01  -0.85536837E-03   0.60235694E-03
  3137  -0.62098981E+01  -0.85509603E-03   0.60216504E-03
  3138  -0.62098991E+01  -0.85482387E-03   0.60197326E-03
  3139  -0.62099001E+01  -0.85455188E-03   0.60178160E-03
  3140  -0.62099011E+01  -0.85428006E-03   0.60159006E-03
  3141  -0.62099021E+01  -0.85400842E-03   0.60139865E-03
  3142  -0.62099031E+01  -0.85373694E-03   0.60120736E-03
  3143  -0.62099042E+01  -0.85346564E-03   0.60101618E-03
  3144  -0.62099051E+01  -0.85319452E-03   0.60082513E-03
  3145  -0.62099061E+01  -0.85292356E-03   0.60063420E-03
  3146  -0.62099071E+01  -0.85265278E-03   0.60044339E-03
  3147  -0.62099081E+01  -0.85238216E-03   0.60025271E-03
  3148  -0.62099091E+01  -0.85211172E-03   0.60006214E-03
  3149  -0.62099101E+01  -0.85184145E-03   0.59987169E-03
  3150  -0.62099111E+01  -0.85157135E-03   0.59968137E-03
  3151  -0.62099121E+01  -0.85130143E-03   0.59949116E-03
  3152  -0.62099131E+01  -0.85103167E-03   0.59930108E-03
  3153  -0.62099141E+01  -0.85076208E-03   0.59911111E-03
  3154  -0.62099150E+01  -0.85049267E-03   0.59892126E-03
  3155  -0.62099160E+01  -0.85022342E-03   0.59873154E-03
  3156  -0.62099170E+01  -0.84995435E-03   0.59854193E-03
  3157  -0.62099180E+01  -0.84968544E-03   0.59835245E-03
  3158  -0.62099189E+01  -0.84941671E-03   0.59816308E-03
  3159  -0.62099199E+01  -0.84914814E-03   0.59797384E-03
  3160  -0.62099209E+01  -0.84887975E-03   0.59778471E-03
  3161  -0.62099219E+01  -0.84861152E-03   0.59759570E-03
  3162  -0.62099228E+01  -0.84834346E-03   0.59740681E-03
  3163  -0.62099238E+01  -0.84807557E-03   0.59721804E-03
  3164  -0.62099247E+01  -0.84780785E-03   0.59702939E-03
  3165  -0.62099257E+01  -0.84754030E-03   0.59684086E-03
  3166  -0.62099267E+01  -0.84727292E-03   0.59665244E-03
  3167  -0.62099276E+01  -0.84700571E-03   0.59646415E-03
  3168  -0.62099286E+01  -0.84673866E-03   0.59627597E-03
  3169  -0.62099295E+01  -0.84647179E-03   0.59608792E-03
  3170  -0.62099305E+01  -0.84620508E-03   0.59589998E-03
  3171  -0.62099314E+01  -0.84593854E-03   0.59571215E-03
  3172  -0.62099324E+01  -0.84567216E-03   0.59552445E-03
  3173  -0.62099333E+01  -0.84540596E-03   0.59533687E-03
  3174  -0.62099343E+01  -0.84513992E-03   0.59514940E-03
  3175  -0.62099352E+01  -0.84487404E-03   0.59496205E-03
  3176  -0.62099362E+01  -0.84460834E-03   0.59477482E-03
  3177  -0.62099371E+01  -0.84434280E-03   0.59458770E-03
  3178  -0.62099380E+01  -0.84407743E-03   0.59440070E-03
  3179  -0.62099390E+01  -0.84381223E-03   0.59421382E-03
  3180  -0.62099399E+01  -0.84354719E-03   0.59402706E-03
  3181  -0.62099408E+01  -0.84328232E-03   0.59384041E-03
  3182  -0.62099418E+01  -0.84301761E-03   0.59365388E-03
  3183  -0.62099427E+01  -0.84275307E-03   0.59346747E-03
  3184  -0.62099436E+01  -0.84248870E-03   0.59328118E-03
  3185  -0.62099445E+01  -0.84222449E-03   0.59309500E-03
  3186  -0.62099455E+01  -0.84196044E-03   0.59290894E-03
  3187  -0.62099464E+01  -0.84169657E-03   0.59272299E-03
  3188  -0.62099473E+01  -0.84143285E-03   0.59253716E-03
  3189  -0.62099482E+01  -0.84116930E-03   0.59235145E-03
  3190  -0.62099491E+01  -0.84090592E-03   0.59216585E-03
  3191  -0.62099501E+01  -0.84064270E-03   0.59198037E-03
  3192  -0.62099510E+01  -0.84037965E-03   0.59179500E-03
  3193  -0.62099519E+01  -0.84011676E-03   0.59160975E-03
  3194  -0.62099528E+01  -0.83985404E-03   0.59142462E-03
  3195  -0.62099537E+01  -0.83959147E-03   0.59123960E-03
  3196  -0.62099546E+01  -0.83932908E-03   0.59105470E-03
  3197  -0.62099555E+01  -0.83906684E-03   0.59086991E-03
  3198  -0.62099564E+01  -0.83880477E-03   0.59068524E-03
  3199  -0.62099573E+01  -0.83854287E-03   0.59050068E-03
  3200  -0.62099582E+01  -0.83828112E-03   0.59031624E-03
  3201  -0.62099591E+01  -0.83801954E-03   0.59013191E-03
  3202  -0.62099600E+01  -0.83775813E-03   0.58994770E-03
  3203  -0.62099609E+01  -0.83749687E-03   0.58976360E-03
  3204  -0.62099618E+01  -0.83723578E-03   0.58957962E-03
  3205  -0.62099627E+01  -0.83697485E-03   0.58939575E-03
  3206  -0.62099636E+01  -0.83671409E-03   0.58921199E-03
  3207  -0.62099645E+01  -0.83645348E-03   0.58902835E-03
  3208  -0.62099654E+01  -0.83619304E-03   0.58884483E-03
  3209  -0.62099663E+01  -0.83593276E-03   0.58866141E-03
  3210  -0.62099672E+01  -0.83567264E-03   0.58847812E-03
  3211  -0.62099680E+01  -0.83541269E-03   0.58829493E-03
  3212  -0.62099689E+01  -0.83515289E-03   0.58811186E-03
  3213  -0.62099698E+01  -0.83489326E-03   0.58792890E-03
  3214  -0.62099707E+01  -0.83463378E-03   0.58774606E-03
  3215  -0.62099716E+01  -0.83437447E-03   0.58756333E-03
  3216  -0.62099724E+01  -0.83411532E-03   0.58738071E-03
  3217  -0.62099733E+01  -0.83385633E-03   0.58719821E-03
  3218  -0.62099742E+01  -0.83359750E-03   0.58701582E-03
  3219  -0.62099750E+01  -0.83333883E-03   0.58683354E-03
  3220  -0.62099759E+01  -0.83308033E-03   0.58665138E-03
  3221  -0.62099768E+01  -0.83282198E-03   0.58646933E-03
  3222  -0.62099777E+01  -0.83256379E-03   0.58628739E-03
  3223  -0.62099785E+01  -0.83230576E-03   0.58610556E-03
  3224  -0.62099794E+01  -0.83204789E-03   0.58592385E-03
  3225  -0.62099802E+01  -0.83179018E-03   0.58574225E-03
  3226  -0.62099811E+01  -0.83153263E-03   0.58556076E-03
  3227  -0.62099820E+01  -0.83127524E-03   0.58537938E-03
  3228  -0.62099828E+01  -0.83101801E-03   0.58519812E-03
  3229  -0.62099837E+01  -0.83076094E-03   0.58501696E-03
  3230  -0.62099845E+01  -0.83050402E-03   0.58483592E-03
  3231  -0.62099854E+01  -0.83024727E-03   0.58465499E-03
  3232  -0.62099862E+01  -0.82999067E-03   0.58447418E-03
  3233  -0.62099871E+01  -0.82973424E-03   0.58429347E-03
  3234  -0.62099879E+01  -0.82947796E-03   0.58411288E-03
  3235  -0.62099888E+01  -0.82922183E-03   0.58393239E-03
  3236  -0.62099896E+01  -0.82896587E-03   0.58375202E-03
  3237  -0.62099905E+01  -0.82871006E-03   0.58357176E-03
  3238  -0.62099913E+01  -0.82845442E-03   0.58339161E-03
  3239  -0.62099922E+01  -0.82819893E-03   0.58321157E-03
  3240  -0.62099930E+01  -0.82794359E-03   0.58303164E-03
  3241  -0.62099938E+01  -0.82768842E-03   0.58285183E-03
  3242  -0.62099947E+01  -0.82743340E-03   0.58267212E-03
  3243  -0.62099955E+01  -0.82717853E-03   0.58249253E-03
  3244  -0.62099964E+01  -0.82692383E-03   0.58231304E-03
  3245  -0.62099972E+01  -0.82666928E-03   0.58213366E-03
  3246  -0.62099980E+01  -0.82641489E-03   0.58195440E-03
  3247  -0.62099989E+01  -0.82616065E-03   0.58177524E-03
  3248  -0.62099997E+01  -0.82590657E-03   0.58159620E-03
  3249  -0.62100005E+01  -0.82565265E-03   0.58141727E-03
  3250  -0.62100013E+01  -0.82539888E-03   0.58123844E-03
  3251  -0.62100022E+01  -0.82514527E-03   0.58105973E-03
  3252  -0.62100030E+01  -0.82489181E-03   0.58088112E-03
  3253  -0.62100038E+01  -0.82463851E-03   0.58070262E-03
  3254  -0.62100046E+01  -0.82438537E-03   0.58052424E-03
  3255  -0.62100055E+01  -0.82413238E-03   0.58034596E-03
  3256  -0.62100063E+01  -0.82387954E-03   0.58016779E-03
  3257  -0.62100071E+01  -0.82362686E-03   0.57998973E-03
  3258  -0.62100079E+01  -0.82337434E-03   0.57981178E-03
  3259  -0.62100087E+01  -0.82312197E-03   0.57963394E-03
  3260  -0.62100095E+01  -0.82286975E-03   0.57945621E-03
  3261  -0.62100103E+01  -0.82261769E-03   0.57927859E-03
  3262  -0.62100112E+01  -0.82236578E-03   0.57910107E-03
  3263  -0.62100120E+01  -0.82211403E-03   0.57892367E-03
  3264  -0.62100128E+01  -0.82186243E-03   0.57874637E-03
  3265  -0.62100136E+01  -0.82161098E-03   0.57856918E-03
  3266  -0.62100144E+01  -0.82135969E-03   0.57839210E-03
  3267  -0.62100152E+01  -0.82110855E-03   0.57821513E-03
  3268  -0.62100160E+01  -0.82085757E-03   0.57803826E-03
  3269  -0.62100168E+01  -0.82060674E-03   0.57786151E-03
  3270  -0.62100176E+01  -0.82035606E-03   0.57768486E-03
  3271  -0.62100184E+01  -0.82010553E-03   0.57750832E-03
  3272  -0.62100192E+01  -0.81985516E-03   0.57733188E-03
  3273  -0.62100200E+01  -0.81960494E-03   0.57715556E-03
  3274  -0.62100208E+01  -0.81935487E-03   0.57697934E-03
  3275  -0.62100216E+01  -0.81910495E-03   0.57680323E-03
  3276  -0.62100224E+01  -0.81885519E-03   0.57662722E-03
  3277  -0.62100232E+01  -0.81860558E-03   0.57645133E-03
  3278  -0.62100240E+01  -0.81835612E-03   0.57627554E-03
  3279  -0.62100247E+01  -0.81810681E-03   0.57609985E-03
  3280  -0.62100255E+01  -0.81785766E-03   0.57592428E-03
  3281  -0.62100263E+01  -0.81760865E-03   0.57574881E-03
  3282  -0.62100271E+01  -0.81735980E-03   0.57557345E-03
  3283  -0.62100279E+01  -0.81711110E-03   0.57539819E-03
  3284  -0.62100287E+01  -0.81686255E-03   0.57522304E-03
  3285  -0.62100295E+01  -0.81661415E-03   0.57504800E-03
  3286  -0.62100302E+01  -0.81636590E-03   0.57487306E-03
  3287  -0.62100310E+01  -0.81611781E-03   0.57469823E-03
  3288  -0.62100318E+01  -0.81586986E-03   0.57452351E-03
  3289  -0.62100326E+01  -0.81562206E-03   0.57434889E-03
  3290  -0.62100333E+01  -0.81537442E-03   0.57417438E-03
  3291  -0.62100341E+01  -0.81512692E-03   0.57399997E-03
  3292  -0.62100349E+01  -0.81487958E-03   0.57382567E-03
  3293  -0.62100357E+01  -0.81463238E-03   0.57365148E-03
  3294  -0.62100364E+01  -0.81438534E-03   0.57347739E-03
  3295  -0.62100372E+01  -0.81413844E-03   0.57330340E-03
  3296  -0.62100380E+01  -0.81389169E-03   0.57312953E-03
  3297  -0.62100387E+01  -0.81364510E-03   0.57295575E-03
  3298  -0.62100395E+01  -0.81339865E-03   0.57278208E-03
  3299  -0.62100403E+01  -0.81315235E-03   0.57260852E-03
  3300  -0.62100410E+01  -0.81290620E-03   0.57243506E-03
  3301  -0.62100418E+01  -0.81266020E-03   0.57226171E-03
  3302  -0.62100426E+01  -0.81241435E-03   0.57208846E-03
  3303  -0.62100433E+01  -0.81216864E-03   0.57191532E-03
  3304  -0.62100441E+01  -0.81192309E-03   0.57174228E-03
  3305  -0.62100448E+01  -0.81167768E-03   0.57156934E-03
  3306  -0.62100456E+01  -0.81143242E-03   0.57139651E-03
  3307  -0.62100464E+01  -0.81118731E-03   0.57122379E-03
  3308  -0.62100471E+01  -0.81094235E-03   0.57105116E-03
  3309  -0.62100479E+01  -0.81069753E-03   0.57087865E-03
  3310  -0.62100486E+01  -0.81045287E-03   0.57070623E-03
  3311  -0.62100494E+01  -0.81020835E-03   0.57053392E-03
  3312  -0.62100501E+01  -0.80996397E-03   0.57036172E-03
  3313  -0.62100509E+01  -0.80971975E-03   0.57018962E-03
  3314  -0.62100516E+01  -0.80947567E-03   0.57001762E-03
  3315  -0.62100524E+01  -0.80923174E-03   0.56984572E-03
  3316  -0.62100531E+01  -0.80898796E-03   0.56967393E-03
  3317  -0.62100538E+01  -0.80874432E-03   0.56950224E-03
  3318  -0.62100546E+01  -0.80850083E-03   0.56933066E-03
  3319  -0.62100553E+01  -0.80825748E-03   0.56915918E-03
  3320  -0.62100561E+01  -0.80801428E-03   0.56898780E-03
  3321  -0.62100568E+01  -0.80777123E-03   0.56881652E-03
  3322  -0.62100576E+01  -0.80752833E-03   0.56864535E-03
  3323  -0.62100583E+01  -0.80728557E-03   0.56847428E-03
  3324  -0.62100590E+01  -0.80704295E-03   0.56830331E-03
  3325  -0.62100598E+01  -0.80680048E-03   0.56813245E-03
  3326  -0.62100605E+01  -0.80655816E-03   0.56796169E-03
  3327  -0.62100612E+01  -0.80631598E-03   0.56779103E-03
  3328  -0.62100620E+01  -0.80607395E-03   0.56762047E-03
  3329  -0.62100627E+01  -0.80583206E-03   0.56745002E-03
  3330  -0.62100634E+01  -0.80559032E-03   0.56727966E-03
  3331  -0.62100642E+01  -0.80534872E-03   0.56710941E-03
  3332  -0.62100649E+01  -0.80510727E-03   0.56693927E-03
  3333  -0.62100656E+01  -0.80486596E-03   0.56676922E-03
  3334  -0.62100663E+01  -0.80462480E-03   0.56659927E-03
  3335  -0.62100671E+01  -0.80438378E-03   0.56642943E-03
  3336  -0.62100678E+01  -0.80414291E-03   0.56625969E-03
  3337  -0.62100685E+01  -0.80390218E-03   0.56609005E-03
  3338  -0.62100692E+01  -0.80366159E-03   0.56592051E-03
  3339  -0.62100700E+01  -0.80342115E-03   0.56575107E-03
  3340  -0.62100707E+01  -0.80318085E-03   0.56558174E-03
  3341  -0.62100714E+01  -0.80294069E-03   0.56541250E-03
  3342  -0.62100721E+01  -0.80270068E-03   0.56524337E-03
  3343  -0.62100728E+01  -0.80246081E-03   0.56507434E-03
  3344  -0.62100736E+01  -0.80222109E-03   0.56490541E-03
  3345  -0.62100743E+01  -0.80198150E-03   0.56473658E-03
  3346  -0.62100750E+01  -0.80174206E-03   0.56456785E-03
  3347  -0.62100757E+01  -0.80150277E-03   0.56439922E-03
  3348  -0.62100764E+01  -0.80126361E-03   0.56423069E-03
  3349  -0.62100771E+01  -0.80102460E-03   0.56406226E-03
  3350  -0.62100778E+01  -0.80078573E-03   0.56389393E-03
  3351  -0.62100785E+01  -0.80054701E-03   0.56372570E-03
  3352  -0.62100792E+01  -0.80030842E-03   0.56355758E-03
  3353  -0.62100800E+01  -0.80006998E-03   0.56338955E-03
  3354  -0.62100807E+01  -0.79983168E-03   0.56322162E-03
  3355  -0.62100814E+01  -0.79959352E-03   0.56305380E-03
  3356  -0.62100821E+01  -0.79935550E-03   0.56288607E-03
  3357  -0.62100828E+01  -0.79911763E-03   0.56271844E-03
  3358  -0.62100835E+01  -0.79887989E-03   0.56255091E-03
  3359  -0.62100842E+01  -0.79864230E-03   0.56238348E-03
  3360  -0.62100849E+01  -0.79840485E-03   0.56221615E-03
  3361  -0.62100856E+01  -0.79816754E-03   0.56204893E-03
  3362  -0.62100863E+01  -0.79793037E-03   0.56188180E-03
  3363  -0.62100870E+01  -0.79769334E-03   0.56171476E-03
  3364  -0.62100877E+01  -0.79745645E-03   0.56154783E-03
  3365  -0.62100884E+01  -0.79721971E-03   0.56138100E-03
  3366  -0.62100891E+01  -0.79698310E-03   0.56121427E-03
  3367  -0.62100897E+01  -0.79674663E-03   0.56104763E-03
  3368  -0.62100904E+01  -0.79651031E-03   0.56088109E-03
  3369  -0.62100911E+01  -0.79627412E-03   0.56071466E-03
  3370  -0.62100918E+01  -0.79603807E-03   0.56054832E-03
  3371  -0.62100925E+01  -0.79580217E-03   0.56038208E-03
  3372  -0.62100932E+01  -0.79556640E-03   0.56021594E-03
  3373  -0.62100939E+01  -0.79533077E-03   0.56004989E-03
  3374  -0.62100946E+01  -0.79509529E-03   0.55988395E-03
  3375  -0.62100953E+01  -0.79485994E-03   0.55971810E-03
  3376  -0.62100960E+01  -0.79462473E-03   0.55955235E-03
  3377  -0.62100966E+01  -0.79438966E-03   0.55938670E-03
  3378  -0.62100973E+01  -0.79415473E-03   0.55922115E-03
  3379  -0.62100980E+01  -0.79391993E-03   0.55905569E-03
  3380  -0.62100987E+01  -0.79368528E-03   0.55889033E-03
  3381  -0.62100994E+01  -0.79345076E-03   0.55872507E-03
  3382  -0.62101000E+01  -0.79321639E-03   0.55855991E-03
  3383  -0.62101007E+01  -0.79298215E-03   0.55839485E-03
  3384  -0.62101014E+01  -0.79274805E-03   0.55822988E-03
  3385  -0.62101021E+01  -0.79251409E-03   0.55806501E-03
  3386  -0.62101028E+01  -0.79228026E-03   0.55790024E-03
  3387  -0.62101034E+01  -0.79204658E-03   0.55773556E-03
  3388  -0.62101041E+01  -0.79181303E-03   0.55757098E-03
  3389  -0.62101048E+01  -0.79157962E-03   0.55740650E-03
  3390  -0.62101054E+01  -0.79134634E-03   0.55724211E-03
  3391  -0.62101061E+01  -0.79111321E-03   0.55707783E-03
  3392  -0.62101068E+01  -0.79088021E-03   0.55691364E-03
  3393  -0.62101075E+01  -0.79064734E-03   0.55674954E-03
  3394  -0.62101081E+01  -0.79041462E-03   0.55658554E-03
  3395  -0.62101088E+01  -0.79018203E-03   0.55642164E-03
  3396  -0.62101095E+01  -0.78994958E-03   0.55625784E-03
  3397  -0.62101101E+01  -0.78971727E-03   0.55609413E-03
  3398  -0.62101108E+01  -0.78948509E-03   0.55593051E-03
  3399  -0.62101115E+01  -0.78925305E-03   0.55576700E-03
  3400  -0.62101121E+01  -0.78902114E-03   0.55560358E-03
  3401  -0.62101128E+01  -0.78878937E-03   0.55544025E-03
  3402  -0.62101135E+01  -0.78855774E-03   0.55527702E-03
  3403  -0.62101141E+01  -0.78832624E-03   0.55511389E-03
  3404  -0.62101148E+01  -0.78809488E-03   0.55495085E-03
  3405  -0.62101154E+01  -0.78786365E-03   0.55478791E-03
  3406  -0.62101161E+01  -0.78763256E-03   0.55462507E-03
  3407  -0.62101168E+01  -0.78740161E-03   0.55446231E-03
  3408  -0.62101174E+01  -0.78717079E-03   0.55429966E-03
  3409  -0.62101181E+01  -0.78694011E-03   0.55413710E-03
  3410  -0.62101187E+01  -0.78670956E-03   0.55397463E-03
  3411  -0.62101194E+01  -0.78647914E-03   0.55381227E-03
  3412  -0.62101200E+01  -0.78624886E-03   0.55364999E-03
  3413  -0.62101207E+01  -0.78601872E-03   0.55348781E-03
  3414  -0.62101213E+01  -0.78578871E-03   0.55332573E-03
  3415  -0.62101220E+01  -0.78555883E-03   0.55316374E-03
  3416  -0.62101226E+01  -0.78532909E-03   0.55300184E-03
  3417  -0.62101233E+01  -0.78509948E-03   0.55284004E-03
  3418  -0.62101239E+01  -0.78487001E-03   0.55267833E-03
  3419  -0.62101246E+01  -0.78464067E-03   0.55251672E-03
  3420  -0.62101252E+01  -0.78441147E-03   0.55235521E-03
  3421  -0.62101259E+01  -0.78418240E-03   0.55219378E-03
  3422  -0.62101265E+01  -0.78395346E-03   0.55203245E-03
  3423  -0.62101272E+01  -0.78372466E-03   0.55187122E-03
  3424  -0.62101278E+01  -0.78349599E-03   0.55171008E-03
  3425  -0.62101285E+01  -0.78326745E-03   0.55154903E-03
  3426  -0.62101291E+01  -0.78303905E-03   0.55138808E-03
  3427  -0.62101297E+01  -0.78281077E-03   0.55122722E-03
  3428  -0.62101304E+01  -0.78258264E-03   0.55106646E-03
  3429  -0.62101310E+01  -0.78235463E-03   0.55090578E-03
  3430  -0.62101317E+01  -0.78212676E-03   0.55074521E-03
  3431  -0.62101323E+01  -0.78189902E-03   0.55058472E-03
  3432  -0.62101329E+01  -0.78167141E-03   0.55042433E-03
  3433  -0.62101336E+01  -0.78144394E-03   0.55026403E-03
  3434  -0.62101342E+01  -0.78121660E-03   0.55010383E-03
  3435  -0.62101348E+01  -0.78098939E-03   0.54994372E-03
  3436  -0.62101355E+01  -0.78076231E-03   0.54978370E-03
  3437  -0.62101361E+01  -0.78053536E-03   0.54962377E-03
  3438  -0.62101367E+01  -0.78030855E-03   0.54946394E-03
  3439  -0.62101374E+01  -0.78008187E-03   0.54930420E-03
  3440  -0.62101380E+01  -0.77985532E-03   0.54914455E-03
  3441  -0.62101386E+01  -0.77962890E-03   0.54898500E-03
  3442  -0.62101393E+01  -0.77940261E-03   0.54882554E-03
  3443  -0.62101399E+01  -0.77917645E-03   0.54866617E-03
  3444  -0.62101405E+01  -0.77895043E-03   0.54850689E-03
  3445  -0.62101412E+01  -0.77872453E-03   0.54834771E-03
  3446  -0.62101418E+01  -0.77849877E-03   0.54818862E-03
  3447  -0.62101424E+01  -0.77827313E-03   0.54802962E-03
  3448  -0.62101430E+01  -0.77804763E-03   0.54787071E-03
  3449  -0.62101437E+01  -0.77782226E-03   0.54771189E-03
  3450  -0.62101443E+01  -0.77759702E-03   0.54755317E-03
  3451  -0.62101449E+01  -0.77737191E-03   0.54739454E-03
  3452  -0.62101455E+01  -0.77714693E-03   0.54723600E-03
  3453  -0.62101461E+01  -0.77692208E-03   0.54707755E-03
  3454  -0.62101468E+01  -0.77669736E-03   0.54691919E-03
  3455  -0.62101474E+01  -0.77647277E-03   0.54676093E-03
  3456  -0.62101480E+01  -0.77624830E-03   0.54660275E-03
  3457  -0.62101486E+01  -0.77602397E-03   0.54644467E-03
  3458  -0.62101492E+01  -0.77579977E-03   0.54628668E-03
  3459  -0.62101499E+01  -0.77557570E-03   0.54612878E-03
  3460  -0.62101505E+01  -0.77535176E-03   0.54597097E-03
  3461  -0.62101511E+01  -0.77512794E-03   0.54581325E-03
  3462  -0.62101517E+01  -0.77490426E-03   0.54565563E-03
  3463  -0.62101523E+01  -0.77468070E-03   0.54549809E-03
  3464  -0.62101529E+01  -0.77445728E-03   0.54534065E-03
  3465  -0.62101536E+01  -0.77423398E-03   0.54518329E-03
  3466  -0.62101542E+01  -0.77401081E-03   0.54502603E-03
  3467  -0.62101548E+01  -0.77378777E-03   0.54486886E-03
  3468  -0.62101554E+01  -0.77356486E-03   0.54471178E-03
  3469  -0.62101560E+01  -0.77334207E-03   0.54455478E-03
  3470  -0.62101566E+01  -0.77311942E-03   0.54439788E-03
  3471  -0.62101572E+01  -0.77289689E-03   0.54424107E-03
  3472  -0.62101578E+01  -0.77267449E-03   0.54408435E-03
  3473  -0.62101584E+01  -0.77245222E-03   0.54392772E-03
  3474  -0.62101590E+01  -0.77223007E-03   0.54377118E-03
  3475  -0.62101596E+01  -0.77200806E-03   0.54361473E-03
  3476  -0.62101603E+01  -0.77178617E-03   0.54345837E-03
  3477  -0.62101609E+01  -0.77156441E-03   0.54330210E-03
  3478  -0.62101615E+01  -0.77134277E-03   0.54314592E-03
  3479  -0.62101621E+01  -0.77112127E-03   0.54298983E-03
  3480  -0.62101627E+01  -0.77089989E-03   0.54283382E-03
  3481  -0.62101633E+01  -0.77067864E-03   0.54267791E-03
  3482  -0.62101639E+01  -0.77045751E-03   0.54252209E-03
  3483  -0.62101645E+01  -0.77023651E-03   0.54236635E-03
  3484  -0.62101651E+01  -0.77001564E-03   0.54221071E-03
  3485  -0.62101657E+01  -0.76979489E-03   0.54205516E-03
  3486  -0.62101663E+01  -0.76957428E-03   0.54189969E-03
  3487  -0.62101669E+01  -0.76935378E-03   0.54174431E-03
  3488  -0.62101675E+01  -0.76913342E-03   0.54158903E-03
  3489  -0.62101681E+01  -0.76891318E-03   0.54143383E-03
  3490  -0.62101687E+01  -0.76869306E-03   0.54127872E-03
  3491  -0.62101692E+01  -0.76847307E-03   0.54112370E-03
  3492  -0.62101698E+01  -0.76825321E-03   0.54096876E-03
  3493  -0.62101704E+01  -0.76803348E-03   0.54081392E-03
  3494  -0.62101710E+01  -0.76781386E-03   0.54065916E-03
  3495  -0.62101716E+01  -0.76759438E-03   0.54050450E-03
  3496  -0.62101722E+01  -0.76737502E-03   0.54034992E-03
  3497  -0.62101728E+01  -0.76715578E-03   0.54019543E-03
  3498  -0.62101734E+01  -0.76693667E-03   0.54004103E-03
  3499  -0.62101740E+01  -0.76671769E-03   0.53988671E-03
  3500  -0.62101746E+01  -0.76649883E-03   0.53973249E-03
  3501  -0.62101752E+01  -0.76628009E-03   0.53957835E-03
  3502  -0.62101758E+01  -0.76606148E-03   0.53942430E-03
  3503  -0.62101763E+01  -0.76584300E-03   0.53927034E-03
  3504  -0.62101769E+01  -0.76562464E-03   0.53911646E-03
  3505  -0.62101775E+01  -0.76540640E-03   0.53896268E-03
  3506  -0.62101781E+01  -0.76518829E-03   0.53880898E-03
  3507  -0.62101787E+01  -0.76497030E-03   0.53865537E-03
  3508  -0.62101793E+01  -0.76475244E-03   0.53850184E-03
  3509  -0.62101798E+01  -0.76453470E-03   0.53834841E-03
  3510  -0.62101804E+01  -0.76431708E-03   0.53819506E-03
  3511  -0.62101810E+01  -0.76409959E-03   0.53804180E-03
  3512  -0.62101816E+01  -0.76388222E-03   0.53788862E-03
  3513  -0.62101822E+01  -0.76366498E-03   0.53773554E-03
  3514  -0.62101828E+01  -0.76344786E-03   0.53758254E-03
  3515  -0.62101833E+01  -0.76323086E-03   0.53742962E-03
  3516  -0.62101839E+01  -0.76301398E-03   0.53727680E-03
  3517  -0.62101845E+01  -0.76279723E-03   0.53712406E-03
  3518  -0.62101851E+01  -0.76258060E-03   0.53697140E-03
  3519  -0.62101856E+01  -0.76236410E-03   0.53681884E-03
  3520  -0.62101862E+01  -0.76214771E-03   0.53666636E-03
  3521  -0.62101868E+01  -0.76193145E-03   0.53651396E-03
  3522  -0.62101874E+01  -0.76171532E-03   0.53636166E-03
  3523  -0.62101880E+01  -0.76149930E-03   0.53620944E-03
  3524  -0.62101885E+01  -0.76128341E-03   0.53605730E-03
  3525  -0.62101891E+01  -0.76106764E-03   0.53590526E-03
  3526  -0.62101897E+01  -0.76085199E-03   0.53575329E-03
  3527  -0.62101902E+01  -0.76063647E-03   0.53560142E-03
  3528  -0.62101908E+01  -0.76042106E-03   0.53544963E-03
  3529  -0.62101914E+01  -0.76020578E-03   0.53529793E-03
  3530  -0.62101920E+01  -0.75999062E-03   0.53514631E-03
  3531  -0.62101925E+01  -0.75977558E-03   0.53499478E-03
  3532  -0.62101931E+01  -0.75956067E-03   0.53484333E-03
  3533  -0.62101937E+01  -0.75934587E-03   0.53469197E-03
  3534  -0.62101942E+01  -0.75913120E-03   0.53454070E-03
  3535  -0.62101948E+01  -0.75891665E-03   0.53438951E-03
  3536  -0.62101954E+01  -0.75870222E-03   0.53423840E-03
  3537  -0.62101959E+01  -0.75848791E-03   0.53408738E-03
  3538  -0.62101965E+01  -0.75827372E-03   0.53393645E-03
  3539  -0.62101971E+01  -0.75805965E-03   0.53378560E-03
  3540  -0.62101976E+01  -0.75784570E-03   0.53363484E-03
  3541  -0.62101982E+01  -0.75763187E-03   0.53348416E-03
  3542  -0.62101988E+01  -0.75741817E-03   0.53333357E-03
  3543  -0.62101993E+01  -0.75720458E-03   0.53318306E-03
  3544  -0.62101999E+01  -0.75699112E-03   0.53303264E-03
  3545  -0.62102004E+01  -0.75677777E-03   0.53288230E-03
  3546  -0.62102010E+01  -0.75656455E-03   0.53273205E-03
  3547  -0.62102016E+01  -0.75635144E-03   0.53258188E-03
  3548  -0.62102021E+01  -0.75613846E-03   0.53243179E-03
  3549  -0.62102027E+01  -0.75592559E-03   0.53228179E-03
  3550  -0.62102032E+01  -0.75571285E-03   0.53213188E-03
  3551  -0.62102038E+01  -0.75550022E-03   0.53198205E-03
  3552  -0.62102044E+01  -0.75528772E-03   0.53183230E-03
  3553  -0.62102049E+01  -0.75507533E-03   0.53168264E-03
  3554  -0.62102055E+01  -0.75486306E-03   0.53153306E-03
  3555  -0.62102060E+01  -0.75465092E-03   0.53138356E-03
  3556  -0.62102066E+01  -0.75443889E-03   0.53123415E-03
  3557  -0.62102071E+01  -0.75422698E-03   0.53108483E-03
  3558  -0.62102077E+01  -0.75401519E-03   0.53093559E-03
  3559  -0.62102083E+01  -0.75380352E-03   0.53078643E-03
  3560  -0.62102088E+01  -0.75359196E-03   0.53063735E-03
  3561  -0.62102094E+01  -0.75338053E-03   0.53048836E-03
  3562  -0.62102099E+01  -0.75316921E-03   0.53033945E-03
  3563  -0.62102105E+01  -0.75295802E-03   0.53019063E-03
  3564  -0.62102110E+01  -0.75274694E-03   0.53004189E-03
  3565  -0.62102116E+01  -0.75253598E-03   0.52989323E-03
  3566  -0.62102121E+01  -0.75232513E-03   0.52974466E-03
  3567  -0.62102127E+01  -0.75211441E-03   0.52959617E-03
  3568  -0.62102132E+01  -0.75190380E-03   0.52944776E-03
  3569  -0.62102138E+01  -0.75169331E-03   0.52929943E-03
  3570  -0.62102143E+01  -0.75148294E-03   0.52915119E-03
  3571  -0.62102149E+01  -0.75127269E-03   0.52900303E-03
  3572  -0.62102154E+01  -0.75106256E-03   0.52885496E-03
  3573  -0.62102159E+01  -0.75085254E-03   0.52870696E-03
  3574  -0.62102165E+01  -0.75064264E-03   0.52855905E-03
  3575  -0.62102170E+01  -0.75043285E-03   0.52841123E-03
  3576  -0.62102176E+01  -0.75022319E-03   0.52826348E-03
  3577  -0.62102181E+01  -0.75001364E-03   0.52811582E-03
  3578  -0.62102187E+01  -0.74980421E-03   0.52796824E-03
  3579  -0.62102192E+01  -0.74959489E-03   0.52782074E-03
  3580  -0.62102198E+01  -0.74938569E-03   0.52767333E-03
  3581  -0.62102203E+01  -0.74917661E-03   0.52752599E-03
  3582  -0.62102208E+01  -0.74896765E-03   0.52737874E-03
  3583  -0.62102214E+01  -0.74875880E-03   0.52723157E-03
  3584  -0.62102219E+01  -0.74855007E-03   0.52708449E-03
  3585  -0.62102225E+01  -0.74834145E-03   0.52693748E-03
  3586  -0.62102230E+01  -0.74813295E-03   0.52679056E-03
  3587  -0.62102235E+01  -0.74792457E-03   0.52664372E-03
  3588  -0.62102241E+01  -0.74771630E-03   0.52649696E-03
  3589  -0.62102246E+01  -0.74750815E-03   0.52635028E-03
  3590  -0.62102252E+01  -0.74730011E-03   0.52620369E-03
  3591  -0.62102257E+01  -0.74709219E-03   0.52605717E-03
  3592  -0.62102262E+01  -0.74688439E-03   0.52591074E-03
  3593  -0.62102268E+01  -0.74667670E-03   0.52576439E-03
  3594  -0.62102273E+01  -0.74646913E-03   0.52561812E-03
  3595  -0.62102278E+01  -0.74626167E-03   0.52547193E-03
  3596  -0.62102284E+01  -0.74605433E-03   0.52532583E-03
  3597  -0.62102289E+01  -0.74584710E-03   0.52517980E-03
  3598  -0.62102294E+01  -0.74563999E-03   0.52503386E-03
  3599  -0.62102300E+01  -0.74543299E-03   0.52488799E-03
  3600  -0.62102305E+01  -0.74522610E-03   0.52474221E-03
  3601  -0.62102310E+01  -0.74501934E-03   0.52459651E-03
  3602  -0.62102316E+01  -0.74481268E-03   0.52445089E-03
  3603  -0.62102321E+01  -0.74460614E-03   0.52430535E-03
  3604  -0.62102326E+01  -0.74439972E-03   0.52415989E-03
  3605  -0.62102331E+01  -0.74419341E-03   0.52401451E-03
  3606  -0.62102337E+01  -0.74398722E-03   0.52386921E-03
  3607  -0.62102342E+01  -0.74378113E-03   0.52372399E-03
  3608  -0.62102347E+01  -0.74357517E-03   0.52357885E-03
  3609  -0.62102353E+01  -0.74336931E-03   0.52343380E-03
  3610  -0.62102358E+01  -0.74316357E-03   0.52328882E-03
  3611  -0.62102363E+01  -0.74295795E-03   0.52314392E-03
  3612  -0.62102368E+01  -0.74275244E-03   0.52299911E-03
  3613  -0.62102374E+01  -0.74254704E-03   0.52285437E-03
  3614  -0.62102379E+01  -0.74234175E-03   0.52270971E-03
  3615  -0.62102384E+01  -0.74213658E-03   0.52256514E-03
  3616  -0.62102389E+01  -0.74193152E-03   0.52242064E-03
  3617  -0.62102395E+01  -0.74172658E-03   0.52227623E-03
  3618  -0.62102400E+01  -0.74152175E-03   0.52213189E-03
  3619  -0.62102405E+01  -0.74131703E-03   0.52198763E-03
  3620  -0.62102410E+01  -0.74111242E-03   0.52184345E-03
  3621  -0.62102416E+01  -0.74090793E-03   0.52169936E-03
  3622  -0.62102421E+01  -0.74070355E-03   0.52155534E-03
  3623  -0.62102426E+01  -0.74049928E-03   0.52141140E-03
  3624  -0.62102431E+01  -0.74029513E-03   0.52126754E-03
  3625  -0.62102436E+01  -0.74009109E-03   0.52112376E-03
  3626  -0.62102442E+01  -0.73988716E-03   0.52098006E-03
  3627  -0.62102447E+01  -0.73968334E-03   0.52083644E-03
  3628  -0.62102452E+01  -0.73947964E-03   0.52069289E-03
  3629  -0.62102457E+01  -0.73927604E-03   0.52054943E-03
  3630  -0.62102462E+01  -0.73907256E-03   0.52040605E-03
  3631  -0.62102467E+01  -0.73886919E-03   0.52026274E-03
  3632  -0.62102473E+01  -0.73866594E-03   0.52011951E-03
  3633  -0.62102478E+01  -0.73846279E-03   0.51997637E-03
  3634  -0.62102483E+01  -0.73825976E-03   0.51983330E-03
  3635  -0.62102488E+01  -0.73805684E-03   0.51969031E-03
  3636  -0.62102493E+01  -0.73785403E-03   0.51954740E-03
  3637  -0.62102498E+01  -0.73765133E-03   0.51940456E-03
  3638  -0.62102504E+01  -0.73744874E-03   0.51926181E-03
  3639  -0.62102509E+01  -0.73724626E-03   0.51911913E-03
  3640  -0.62102514E+01  -0.73704390E-03   0.51897653E-03
  3641  -0.62102519E+01  -0.73684164E-03   0.51883401E-03
  3642  -0.62102524E+01  -0.73663950E-03   0.51869157E-03
  3643  -0.62102529E+01  -0.73643747E-03   0.51854921E-03
  3644  -0.62102534E+01  -0.73623555E-03   0.51840692E-03
  3645  -0.62102539E+01  -0.73603373E-03   0.51826471E-03
  3646  -0.62102544E+01  -0.73583203E-03   0.51812258E-03
  3647  -0.62102550E+01  -0.73563044E-03   0.51798053E-03
  3648  -0.62102555E+01  -0.73542896E-03   0.51783856E-03
  3649  -0.62102560E+01  -0.73522759E-03   0.51769666E-03
  3650  -0.62102565E+01  -0.73502634E-03   0.51755485E-03
  3651  -0.62102570E+01  -0.73482519E-03   0.51741310E-03
  3652  -0.62102575E+01  -0.73462415E-03   0.51727144E-03
  3653  -0.62102580E+01  -0.73442322E-03   0.51712986E-03
  3654  -0.62102585E+01  -0.73422240E-03   0.51698835E-03
  3655  -0.62102590E+01  -0.73402169E-03   0.51684692E-03
  3656  -0.62102595E+01  -0.73382109E-03   0.51670556E-03
  3657  -0.62102600E+01  -0.73362060E-03   0.51656429E-03
  3658  -0.62102605E+01  -0.73342022E-03   0.51642309E-03
  3659  -0.62102610E+01  -0.73321995E-03   0.51628197E-03
  3660  -0.62102615E+01  -0.73301979E-03   0.51614092E-03
  3661  -0.62102620E+01  -0.73281973E-03   0.51599995E-03
  3662  -0.62102626E+01  -0.73261979E-03   0.51585906E-03
  3663  -0.62102631E+01  -0.73241995E-03   0.51571825E-03
  3664  -0.62102636E+01  -0.73222023E-03   0.51557751E-03
  3665  -0.62102641E+01  -0.73202061E-03   0.51543685E-03
  3666  -0.62102646E+01  -0.73182110E-03   0.51529627E-03
  3667  -0.62102651E+01  -0.73162171E-03   0.51515576E-03
  3668  -0.62102656E+01  -0.73142241E-03   0.51501533E-03
  3669  -0.62102661E+01  -0.73122323E-03   0.51487498E-03
  3670  -0.62102666E+01  -0.73102416E-03   0.51473470E-03
  3671  -0.62102671E+01  -0.73082519E-03   0.51459450E-03
  3672  -0.62102676E+01  -0.73062634E-03   0.51445437E-03
  3673  -0.62102681E+01  -0.73042759E-03   0.51431432E-03
  3674  -0.62102686E+01  -0.73022895E-03   0.51417435E-03
  3675  -0.62102691E+01  -0.73003041E-03   0.51403446E-03
  3676  -0.62102695E+01  -0.72983199E-03   0.51389464E-03
  3677  -0.62102700E+01  -0.72963367E-03   0.51375489E-03
  3678  -0.62102705E+01  -0.72943546E-03   0.51361522E-03
  3679  -0.62102710E+01  -0.72923736E-03   0.51347563E-03
  3680  -0.62102715E+01  -0.72903937E-03   0.51333611E-03
  3681  -0.62102720E+01  -0.72884148E-03   0.51319667E-03
  3682  -0.62102725E+01  -0.72864370E-03   0.51305731E-03
  3683  -0.62102730E+01  -0.72844603E-03   0.51291802E-03
  3684  -0.62102735E+01  -0.72824846E-03   0.51277881E-03
  3685  -0.62102740E+01  -0.72805101E-03   0.51263967E-03
  3686  -0.62102745E+01  -0.72785365E-03   0.51250060E-03
  3687  -0.62102750E+01  -0.72765641E-03   0.51236162E-03
  3688  -0.62102755E+01  -0.72745927E-03   0.51222270E-03
  3689  -0.62102760E+01  -0.72726224E-03   0.51208387E-03
  3690  -0.62102765E+01  -0.72706532E-03   0.51194511E-03
  3691  -0.62102770E+01  -0.72686850E-03   0.51180642E-03
  3692  -0.62102774E+01  -0.72667179E-03   0.51166781E-03
  3693  -0.62102779E+01  -0.72647519E-03   0.51152927E-03
  3694  -0.62102784E+01  -0.72627869E-03   0.51139081E-03
  3695  -0.62102789E+01  -0.72608230E-03   0.51125242E-03
  3696  -0.62102794E+01  -0.72588601E-03   0.51111411E-03
  3697  -0.62102799E+01  -0.72568983E-03   0.51097587E-03
  3698  -0.62102804E+01  -0.72549376E-03   0.51083771E-03
  3699  -0.62102809E+01  -0.72529779E-03   0.51069963E-03
  3700  -0.62102814E+01  -0.72510193E-03   0.51056161E-03
  3701  -0.62102818E+01  -0.72490618E-03   0.51042367E-03
  3702  -0.62102823E+01  -0.72471053E-03   0.51028581E-03
  3703  -0.62102828E+01  -0.72451498E-03   0.51014802E-03
  3704  -0.62102833E+01  -0.72431954E-03   0.51001031E-03
  3705  -0.62102838E+01  -0.72412421E-03   0.50987266E-03
  3706  -0.62102843E+01  -0.72392898E-03   0.50973510E-03
  3707  -0.62102848E+01  -0.72373386E-03   0.50959761E-03
  3708  -0.62102852E+01  -0.72353884E-03   0.50946019E-03
  3709  -0.62102857E+01  -0.72334393E-03   0.50932284E-03
  3710  -0.62102862E+01  -0.72314912E-03   0.50918557E-03
  3711  -0.62102867E+01  -0.72295442E-03   0.50904838E-03
  3712  -0.62102872E+01  -0.72275982E-03   0.50891125E-03
  3713  -0.62102877E+01  -0.72256532E-03   0.50877421E-03
  3714  -0.62102881E+01  -0.72237093E-03   0.50863723E-03
  3715  -0.62102886E+01  -0.72217665E-03   0.50850033E-03
  3716  -0.62102891E+01  -0.72198247E-03   0.50836350E-03
  3717  -0.62102896E+01  -0.72178839E-03   0.50822675E-03
  3718  -0.62102901E+01  -0.72159442E-03   0.50809007E-03
  3719  -0.62102905E+01  -0.72140056E-03   0.50795346E-03
  3720  -0.62102910E+01  -0.72120679E-03   0.50781693E-03
  3721  -0.62102915E+01  -0.72101313E-03   0.50768047E-03
  3722  -0.62102920E+01  -0.72081958E-03   0.50754408E-03
  3723  -0.62102925E+01  -0.72062613E-03   0.50740777E-03
  3724  -0.62102929E+01  -0.72043278E-03   0.50727153E-03
  3725  -0.62102934E+01  -0.72023954E-03   0.50713536E-03
  3726  -0.62102939E+01  -0.72004640E-03   0.50699926E-03
  3727  -0.62102944E+01  -0.71985336E-03   0.50686324E-03
  3728  -0.62102948E+01  -0.71966043E-03   0.50672729E-03
  3729  -0.62102953E+01  -0.71946760E-03   0.50659142E-03
  3730  -0.62102958E+01  -0.71927487E-03   0.50645562E-03
  3731  -0.62102963E+01  -0.71908225E-03   0.50631989E-03
  3732  -0.62102967E+01  -0.71888973E-03   0.50618423E-03
  3733  -0.62102972E+01  -0.71869731E-03   0.50604864E-03
  3734  -0.62102977E+01  -0.71850500E-03   0.50591313E-03
  3735  -0.62102982E+01  -0.71831278E-03   0.50577769E-03
  3736  -0.62102986E+01  -0.71812068E-03   0.50564233E-03
  3737  -0.62102991E+01  -0.71792867E-03   0.50550703E-03
  3738  -0.62102996E+01  -0.71773677E-03   0.50537181E-03
  3739  -0.62103001E+01  -0.71754497E-03   0.50523666E-03
  3740  -0.62103005E+01  -0.71735327E-03   0.50510158E-03
  3741  -0.62103010E+01  -0.71716167E-03   0.50496658E-03
  3742  -0.62103015E+01  -0.71697018E-03   0.50483164E-03
  3743  -0.62103019E+01  -0.71677879E-03   0.50469678E-03
  3744  -0.62103024E+01  -0.71658750E-03   0.50456199E-03
  3745  -0.62103029E+01  -0.71639631E-03   0.50442728E-03
  3746  -0.62103033E+01  -0.71620523E-03   0.50429263E-03
  3747  -0.62103038E+01  -0.71601424E-03   0.50415806E-03
  3748  -0.62103043E+01  -0.71582336E-03   0.50402355E-03
  3749  -0.62103048E+01  -0.71563258E-03   0.50388912E-03
  3750  -0.62103052E+01  -0.71544191E-03   0.50375477E-03
  3751  -0.62103057E+01  -0.71525133E-03   0.50362048E-03
  3752  -0.62103062E+01  -0.71506085E-03   0.50348626E-03
  3753  -0.62103066E+01  -0.71487048E-03   0.50335212E-03
  3754  -0.62103071E+01  -0.71468021E-03   0.50321805E-03
  3755  -0.62103076E+01  -0.71449004E-03   0.50308405E-03
  3756  -0.62103080E+01  -0.71429997E-03   0.50295012E-03
  3757  -0.62103085E+01  -0.71411000E-03   0.50281626E-03
  3758  -0.62103090E+01  -0.71392013E-03   0.50268247E-03
  3759  -0.62103094E+01  -0.71373036E-03   0.50254876E-03
  3760  -0.62103099E+01  -0.71354070E-03   0.50241511E-03
  3761  -0.62103103E+01  -0.71335113E-03   0.50228154E-03
  3762  -0.62103108E+01  -0.71316167E-03   0.50214803E-03
  3763  -0.62103113E+01  -0.71297230E-03   0.50201460E-03
  3764  -0.62103117E+01  -0.71278304E-03   0.50188124E-03
  3765  -0.62103122E+01  -0.71259388E-03   0.50174795E-03
  3766  -0.62103127E+01  -0.71240482E-03   0.50161473E-03
  3767  -0.62103131E+01  -0.71221585E-03   0.50148158E-03
  3768  -0.62103136E+01  -0.71202699E-03   0.50134850E-03
  3769  -0.62103140E+01  -0.71183823E-03   0.50121550E-03
  3770  -0.62103145E+01  -0.71164957E-03   0.50108256E-03
  3771  -0.62103150E+01  -0.71146101E-03   0.50094969E-03
  3772  -0.62103154E+01  -0.71127254E-03   0.50081690E-03
  3773  -0.62103159E+01  -0.71108418E-03   0.50068417E-03
  3774  -0.62103164E+01  -0.71089592E-03   0.50055151E-03
  3775  -0.62103168E+01  -0.71070776E-03   0.50041893E-03
  3776  -0.62103173E+01  -0.71051969E-03   0.50028641E-03
  3777  -0.62103177E+01  -0.71033173E-03   0.50015397E-03
  3778  -0.62103182E+01  -0.71014386E-03   0.50002159E-03
  3779  -0.62103186E+01  -0.70995610E-03   0.49988929E-03
  3780  -0.62103191E+01  -0.70976843E-03   0.49975705E-03
  3781  -0.62103196E+01  -0.70958087E-03   0.49962489E-03
  3782  -0.62103200E+01  -0.70939340E-03   0.49949279E-03
  3783  -0.62103205E+01  -0.70920603E-03   0.49936077E-03
  3784  -0.62103209E+01  -0.70901876E-03   0.49922881E-03
  3785  -0.62103214E+01  -0.70883159E-03   0.49909693E-03
  3786  -0.62103218E+01  -0.70864452E-03   0.49896511E-03
  3787  -0.62103223E+01  -0.70845754E-03   0.49883336E-03
  3788  -0.62103228E+01  -0.70827067E-03   0.49870169E-03
  3789  -0.62103232E+01  -0.70808389E-03   0.49857008E-03
  3790  -0.62103237E+01  -0.70789722E-03   0.49843854E-03
  3791  -0.62103241E+01  -0.70771064E-03   0.49830707E-03
  3792  -0.62103246E+01  -0.70752416E-03   0.49817567E-03
  3793  -0.62103250E+01  -0.70733777E-03   0.49804434E-03
  3794  -0.62103255E+01  -0.70715149E-03   0.49791308E-03
  3795  -0.62103259E+01  -0.70696530E-03   0.49778189E-03
  3796  -0.62103264E+01  -0.70677921E-03   0.49765077E-03
  3797  -0.62103268E+01  -0.70659322E-03   0.49751971E-03
  3798  -0.62103273E+01  -0.70640733E-03   0.49738873E-03
  3799  -0.62103277E+01  -0.70622153E-03   0.49725781E-03
  3800  -0.62103282E+01  -0.70603584E-03   0.49712697E-03
  3801  -0.62103286E+01  -0.70585024E-03   0.49699619E-03
  3802  -0.62103291E+01  -0.70566474E-03   0.49686548E-03
  3803  -0.62103295E+01  -0.70547933E-03   0.49673484E-03
  3804  -0.62103300E+01  -0.70529402E-03   0.49660427E-03
  3805  -0.62103304E+01  -0.70510881E-03   0.49647376E-03
  3806  -0.62103309E+01  -0.70492370E-03   0.49634333E-03
  3807  -0.62103313E+01  -0.70473869E-03   0.49621296E-03
  3808  -0.62103318E+01  -0.70455377E-03   0.49608266E-03
  3809  -0.62103322E+01  -0.70436895E-03   0.49595243E-03
  3810  -0.62103327E+01  -0.70418422E-03   0.49582227E-03
  3811  -0.62103331E+01  -0.70399959E-03   0.49569218E-03
  3812  -0.62103336E+01  -0.70381506E-03   0.49556216E-03
  3813  -0.62103340E+01  -0.70363063E-03   0.49543220E-03
  3814  -0.62103345E+01  -0.70344629E-03   0.49530231E-03
  3815  -0.62103349E+01  -0.70326205E-03   0.49517249E-03
  3816  -0.62103354E+01  -0.70307790E-03   0.49504274E-03
  3817  -0.62103358E+01  -0.70289386E-03   0.49491305E-03
  3818  -0.62103362E+01  -0.70270990E-03   0.49478344E-03
  3819  -0.62103367E+01  -0.70252605E-03   0.49465389E-03
  3820  -0.62103371E+01  -0.70234229E-03   0.49452441E-03
  3821  -0.62103376E+01  -0.70215863E-03   0.49439500E-03
  3822  -0.62103380E+01  -0.70197506E-03   0.49426565E-03
  3823  -0.62103385E+01  -0.70179159E-03   0.49413637E-03
  3824  -0.62103389E+01  -0.70160821E-03   0.49400716E-03
  3825  -0.62103394E+01  -0.70142493E-03   0.49387802E-03
  3826  -0.62103398E+01  -0.70124175E-03   0.49374894E-03
  3827  -0.62103402E+01  -0.70105866E-03   0.49361994E-03
  3828  -0.62103407E+01  -0.70087567E-03   0.49349100E-03
  3829  -0.62103411E+01  -0.70069277E-03   0.49336212E-03
  3830  -0.62103416E+01  -0.70050997E-03   0.49323332E-03
  3831  -0.62103420E+01  -0.70032726E-03   0.49310458E-03
  3832  -0.62103424E+01  -0.70014465E-03   0.49297591E-03
  3833  -0.62103429E+01  -0.69996213E-03   0.49284730E-03
  3834  -0.62103433E+01  -0.69977971E-03   0.49271877E-03
  3835  -0.62103438E+01  -0.69959739E-03   0.49259030E-03
  3836  -0.62103442E+01  -0.69941516E-03   0.49246189E-03
  3837  -0.62103446E+01  -0.69923302E-03   0.49233356E-03
  3838  -0.62103451E+01  -0.69905098E-03   0.49220529E-03
  3839  -0.62103455E+01  -0.69886903E-03   0.49207709E-03
  3840  -0.62103460E+01  -0.69868718E-03   0.49194895E-03
  3841  -0.62103464E+01  -0.69850542E-03   0.49182088E-03
  3842  -0.62103468E+01  -0.69832376E-03   0.49169288E-03
  3843  -0.62103473E+01  -0.69814219E-03   0.49156494E-03
  3844  -0.62103477E+01  -0.69796072E-03   0.49143707E-03
  3845  -0.62103481E+01  -0.69777934E-03   0.49130927E-03
  3846  -0.62103486E+01  -0.69759805E-03   0.49118153E-03
  3847  -0.62103490E+01  -0.69741686E-03   0.49105386E-03
  3848  -0.62103495E+01  -0.69723576E-03   0.49092626E-03
  3849  -0.62103499E+01  -0.69705476E-03   0.49079872E-03
  3850  -0.62103503E+01  -0.69687385E-03   0.49067125E-03
  3851  -0.62103508E+01  -0.69669304E-03   0.49054385E-03
  3852  -0.62103512E+01  -0.69651232E-03   0.49041651E-03
  3853  -0.62103516E+01  -0.69633169E-03   0.49028924E-03
  3854  -0.62103521E+01  -0.69615115E-03   0.49016203E-03
  3855  -0.62103525E+01  -0.69597071E-03   0.49003489E-03
  3856  -0.62103529E+01  -0.69579037E-03   0.48990781E-03
  3857  -0.62103534E+01  -0.69561011E-03   0.48978080E-03
  3858  -0.62103538E+01  -0.69542995E-03   0.48965386E-03
  3859  -0.62103542E+01  -0.69524989E-03   0.48952698E-03
  3860  -0.62103547E+01  -0.69506991E-03   0.48940017E-03
  3861  -0.62103551E+01  -0.69489003E-03   0.48927343E-03
  3862  -0.62103555E+01  -0.69471024E-03   0.48914675E-03
  3863  -0.62103560E+01  -0.69453055E-03   0.48902013E-03
  3864  -0.62103564E+01  -0.69435095E-03   0.48889358E-03
  3865  -0.62103568E+01  -0.69417144E-03   0.48876710E-03
  3866  -0.62103572E+01  -0.69399202E-03   0.48864068E-03
  3867  -0.62103577E+01  -0.69381270E-03   0.48851433E-03
  3868  -0.62103581E+01  -0.69363347E-03   0.48838804E-03
  3869  -0.62103585E+01  -0.69345433E-03   0.48826182E-03
  3870  -0.62103590E+01  -0.69327529E-03   0.48813566E-03
  3871  -0.62103594E+01  -0.69309633E-03   0.48800957E-03
  3872  -0.62103598E+01  -0.69291747E-03   0.48788354E-03
  3873  -0.62103603E+01  -0.69273870E-03   0.48775758E-03
  3874  -0.62103607E+01  -0.69256003E-03   0.48763168E-03
  3875  -0.62103611E+01  -0.69238144E-03   0.48750585E-03
  3876  -0.62103615E+01  -0.69220295E-03   0.48738008E-03
  3877  -0.62103620E+01  -0.69202455E-03   0.48725438E-03
  3878  -0.62103624E+01  -0.69184624E-03   0.48712874E-03
  3879  -0.62103628E+01  -0.69166803E-03   0.48700317E-03
  3880  -0.62103632E+01  -0.69148990E-03   0.48687766E-03
  3881  -0.62103637E+01  -0.69131187E-03   0.48675222E-03
  3882  -0.62103641E+01  -0.69113393E-03   0.48662684E-03
  3883  -0.62103645E+01  -0.69095608E-03   0.48650152E-03
  3884  -0.62103649E+01  -0.69077832E-03   0.48637628E-03
  3885  -0.62103654E+01  -0.69060065E-03   0.48625109E-03
  3886  -0.62103658E+01  -0.69042308E-03   0.48612597E-03
  3887  -0.62103662E+01  -0.69024559E-03   0.48600091E-03
  3888  -0.62103666E+01  -0.69006820E-03   0.48587592E-03
  3889  -0.62103671E+01  -0.68989090E-03   0.48575099E-03
  3890  -0.62103675E+01  -0.68971369E-03   0.48562613E-03
  3891  -0.62103679E+01  -0.68953657E-03   0.48550133E-03
  3892  -0.62103683E+01  -0.68935954E-03   0.48537659E-03
  3893  -0.62103688E+01  -0.68918260E-03   0.48525192E-03
  3894  -0.62103692E+01  -0.68900576E-03   0.48512732E-03
  3895  -0.62103696E+01  -0.68882900E-03   0.48500277E-03
  3896  -0.62103700E+01  -0.68865233E-03   0.48487829E-03
  3897  -0.62103705E+01  -0.68847576E-03   0.48475388E-03
  3898  -0.62103709E+01  -0.68829927E-03   0.48462953E-03
  3899  -0.62103713E+01  -0.68812288E-03   0.48450524E-03
  3900  -0.62103717E+01  -0.68794658E-03   0.48438101E-03
  3901  -0.62103721E+01  -0.68777036E-03   0.48425685E-03
  3902  -0.62103726E+01  -0.68759424E-03   0.48413276E-03
  3903  -0.62103730E+01  -0.68741821E-03   0.48400872E-03
  3904  -0.62103734E+01  -0.68724226E-03   0.48388475E-03
  3905  -0.62103738E+01  -0.68706641E-03   0.48376085E-03
  3906  -0.62103742E+01  -0.68689065E-03   0.48363700E-03
  3907  -0.62103747E+01  -0.68671498E-03   0.48351323E-03
  3908  -0.62103751E+01  -0.68653939E-03   0.48338951E-03
  3909  -0.62103755E+01  -0.68636390E-03   0.48326586E-03
  3910  -0.62103759E+01  -0.68618850E-03   0.48314227E-03
  3911  -0.62103763E+01  -0.68601318E-03   0.48301874E-03
  3912  -0.62103767E+01  -0.68583796E-03   0.48289528E-03
  3913  -0.62103772E+01  -0.68566282E-03   0.48277188E-03
  3914  -0.62103776E+01  -0.68548778E-03   0.48264854E-03
  3915  -0.62103780E+01  -0.68531282E-03   0.48252526E-03
  3916  -0.62103784E+01  -0.68513795E-03   0.48240205E-03
  3917  -0.62103788E+01  -0.68496318E-03   0.48227891E-03
  3918  -0.62103792E+01  -0.68478849E-03   0.48215582E-03
  3919  -0.62103797E+01  -0.68461389E-03   0.48203280E-03
  3920  -0.62103801E+01  -0.68443938E-03   0.48190984E-03
  3921  -0.62103805E+01  -0.68426495E-03   0.48178694E-03
  3922  -0.62103809E+01  -0.68409062E-03   0.48166411E-03
  3923  -0.62103813E+01  -0.68391638E-03   0.48154133E-03
  3924  -0.62103817E+01  -0.68374222E-03   0.48141862E-03
  3925  -0.62103821E+01  -0.68356816E-03   0.48129598E-03
  3926  -0.62103826E+01  -0.68339418E-03   0.48117339E-03
  3927  -0.62103830E+01  -0.68322029E-03   0.48105087E-03
  3928  -0.62103834E+01  -0.68304649E-03   0.48092841E-03
  3929  -0.62103838E+01  -0.68287277E-03   0.48080601E-03
  3930  -0.62103842E+01  -0.68269915E-03   0.48068368E-03
  3931  -0.62103846E+01  -0.68252561E-03   0.48056140E-03
  3932  -0.62103850E+01  -0.68235217E-03   0.48043919E-03
  3933  -0.62103855E+01  -0.68217881E-03   0.48031705E-03
  3934  -0.62103859E+01  -0.68200554E-03   0.48019496E-03
  3935  -0.62103863E+01  -0.68183235E-03   0.48007293E-03
  3936  -0.62103867E+01  -0.68165926E-03   0.47995097E-03
  3937  -0.62103871E+01  -0.68148625E-03   0.47982907E-03
  3938  -0.62103875E+01  -0.68131333E-03   0.47970723E-03
  3939  -0.62103879E+01  -0.68114050E-03   0.47958546E-03
  3940  -0.62103883E+01  -0.68096775E-03   0.47946374E-03
  3941  -0.62103887E+01  -0.68079509E-03   0.47934209E-03
  3942  -0.62103891E+01  -0.68062252E-03   0.47922050E-03
  3943  -0.62103896E+01  -0.68045004E-03   0.47909897E-03
  3944  -0.62103900E+01  -0.68027765E-03   0.47897750E-03
  3945  -0.62103904E+01  -0.68010534E-03   0.47885609E-03
  3946  -0.62103908E+01  -0.67993312E-03   0.47873475E-03
  3947  -0.62103912E+01  -0.67976099E-03   0.47861346E-03
  3948  -0.62103916E+01  -0.67958894E-03   0.47849224E-03
  3949  -0.62103920E+01  -0.67941698E-03   0.47837108E-03
  3950  -0.62103924E+01  -0.67924511E-03   0.47824998E-03
  3951  -0.62103928E+01  -0.67907333E-03   0.47812894E-03
  3952  -0.62103932E+01  -0.67890163E-03   0.47800796E-03
  3953  -0.62103936E+01  -0.67873002E-03   0.47788705E-03
  3954  -0.62103940E+01  -0.67855849E-03   0.47776619E-03
  3955  -0.62103944E+01  -0.67838705E-03   0.47764540E-03
  3956  -0.62103949E+01  -0.67821570E-03   0.47752467E-03
  3957  -0.62103953E+01  -0.67804444E-03   0.47740400E-03
  3958  -0.62103957E+01  -0.67787326E-03   0.47728339E-03
  3959  -0.62103961E+01  -0.67770217E-03   0.47716284E-03
  3960  -0.62103965E+01  -0.67753116E-03   0.47704235E-03
  3961  -0.62103969E+01  -0.67736024E-03   0.47692192E-03
  3962  -0.62103973E+01  -0.67718941E-03   0.47680155E-03
  3963  -0.62103977E+01  -0.67701866E-03   0.47668125E-03
  3964  -0.62103981E+01  -0.67684800E-03   0.47656100E-03
  3965  -0.62103985E+01  -0.67667743E-03   0.47644081E-03
  3966  -0.62103989E+01  -0.67650694E-03   0.47632069E-03
  3967  -0.62103993E+01  -0.67633654E-03   0.47620063E-03
  3968  -0.62103997E+01  -0.67616622E-03   0.47608062E-03
  3969  -0.62104001E+01  -0.67599599E-03   0.47596068E-03
  3970  -0.62104005E+01  -0.67582584E-03   0.47584080E-03
  3971  -0.62104009E+01  -0.67565578E-03   0.47572097E-03
  3972  -0.62104013E+01  -0.67548581E-03   0.47560121E-03
  3973  -0.62104017E+01  -0.67531592E-03   0.47548151E-03
  3974  -0.62104021E+01  -0.67514611E-03   0.47536187E-03
  3975  -0.62104025E+01  -0.67497640E-03   0.47524229E-03
  3976  -0.62104029E+01  -0.67480676E-03   0.47512277E-03
  3977  -0.62104033E+01  -0.67463722E-03   0.47500331E-03
  3978  -0.62104037E+01  -0.67446775E-03   0.47488391E-03
  3979  -0.62104041E+01  -0.67429838E-03   0.47476456E-03
  3980  -0.62104045E+01  -0.67412908E-03   0.47464528E-03
  3981  -0.62104049E+01  -0.67395988E-03   0.47452606E-03
  3982  -0.62104053E+01  -0.67379075E-03   0.47440690E-03
  3983  -0.62104057E+01  -0.67362172E-03   0.47428780E-03
  3984  -0.62104061E+01  -0.67345276E-03   0.47416876E-03
  3985  -0.62104065E+01  -0.67328389E-03   0.47404978E-03
  3986  -0.62104069E+01  -0.67311511E-03   0.47393085E-03
  3987  -0.62104073E+01  -0.67294641E-03   0.47381199E-03
  3988  -0.62104077E+01  -0.67277780E-03   0.47369319E-03
  3989  -0.62104081E+01  -0.67260927E-03   0.47357444E-03
  3990  -0.62104085E+01  -0.67244082E-03   0.47345576E-03
  3991  -0.62104089E+01  -0.67227246E-03   0.47333714E-03
  3992  -0.62104093E+01  -0.67210418E-03   0.47321857E-03
  3993  -0.62104097E+01  -0.67193599E-03   0.47310007E-03
  3994  -0.62104101E+01  -0.67176788E-03   0.47298162E-03
  3995  -0.62104105E+01  -0.67159986E-03   0.47286323E-03
  3996  -0.62104109E+01  -0.67143192E-03   0.47274490E-03
  3997  -0.62104113E+01  -0.67126406E-03   0.47262664E-03
  3998  -0.62104117E+01  -0.67109629E-03   0.47250843E-03
  3999  -0.62104121E+01  -0.67092860E-03   0.47239028E-03
  4000  -0.62104125E+01  -0.67076100E-03   0.47227218E-03
  4001  -0.62104129E+01  -0.67059347E-03   0.47215415E-03
  4002  -0.62104133E+01  -0.67042604E-03   0.47203618E-03
  4003  -0.62104137E+01  -0.67025868E-03   0.47191826E-03
  4004  -0.62104141E+01  -0.67009141E-03   0.47180041E-03
  4005  -0.62104144E+01  -0.66992423E-03   0.47168261E-03
  4006  -0.62104148E+01  -0.66975712E-03   0.47156487E-03
  4007  -0.62104152E+01  -0.66959010E-03   0.47144720E-03
  4008  -0.62104156E+01  -0.66942317E-03   0.47132958E-03
  4009  -0.62104160E+01  -0.66925631E-03   0.47121201E-03
  4010  -0.62104164E+01  -0.66908954E-03   0.47109451E-03
  4011  -0.62104168E+01  -0.66892285E-03   0.47097707E-03
  4012  -0.62104172E+01  -0.66875625E-03   0.47085968E-03
  4013  -0.62104176E+01  -0.66858973E-03   0.47074235E-03
  4014  -0.62104180E+01  -0.66842329E-03   0.47062508E-03
  4015  -0.62104184E+01  -0.66825693E-03   0.47050787E-03
  4016  -0.62104188E+01  -0.66809066E-03   0.47039072E-03
  4017  -0.62104192E+01  -0.66792447E-03   0.47027363E-03
  4018  -0.62104195E+01  -0.66775836E-03   0.47015659E-03
  4019  -0.62104199E+01  -0.66759234E-03   0.47003961E-03
  4020  -0.62104203E+01  -0.66742639E-03   0.46992269E-03
  4021  -0.62104207E+01  -0.66726053E-03   0.46980583E-03
  4022  -0.62104211E+01  -0.66709476E-03   0.46968903E-03
  4023  -0.62104215E+01  -0.66692906E-03   0.46957229E-03
  4024  -0.62104219E+01  -0.66676345E-03   0.46945560E-03
  4025  -0.62104223E+01  -0.66659792E-03   0.46933897E-03
  4026  -0.62104227E+01  -0.66643247E-03   0.46922240E-03
  4027  -0.62104231E+01  -0.66626710E-03   0.46910589E-03
  4028  -0.62104234E+01  -0.66610182E-03   0.46898943E-03
  4029  -0.62104238E+01  -0.66593662E-03   0.46887303E-03
  4030  -0.62104242E+01  -0.66577150E-03   0.46875669E-03
  4031  -0.62104246E+01  -0.66560646E-03   0.46864041E-03
  4032  -0.62104250E+01  -0.66544150E-03   0.46852419E-03
  4033  -0.62104254E+01  -0.66527662E-03   0.46840802E-03
  4034  -0.62104258E+01  -0.66511183E-03   0.46829191E-03
  4035  -0.62104262E+01  -0.66494712E-03   0.46817586E-03
  4036  -0.62104265E+01  -0.66478249E-03   0.46805986E-03
  4037  -0.62104269E+01  -0.66461794E-03   0.46794393E-03
  4038  -0.62104273E+01  -0.66445347E-03   0.46782805E-03
  4039  -0.62104277E+01  -0.66428909E-03   0.46771223E-03
  4040  -0.62104281E+01  -0.66412478E-03   0.46759646E-03
  4041  -0.62104285E+01  -0.66396056E-03   0.46748075E-03
  4042  -0.62104289E+01  -0.66379642E-03   0.46736510E-03
  4043  -0.62104293E+01  -0.66363236E-03   0.46724951E-03
  4044  -0.62104296E+01  -0.66346838E-03   0.46713398E-03
  4045  -0.62104300E+01  -0.66330448E-03   0.46701850E-03
  4046  -0.62104304E+01  -0.66314066E-03   0.46690308E-03
  4047  -0.62104308E+01  -0.66297692E-03   0.46678771E-03
  4048  -0.62104312E+01  -0.66281326E-03   0.46667240E-03
  4049  -0.62104316E+01  -0.66264969E-03   0.46655715E-03
  4050  -0.62104319E+01  -0.66248619E-03   0.46644196E-03
  4051  -0.62104323E+01  -0.66232278E-03   0.46632682E-03
  4052  -0.62104327E+01  -0.66215945E-03   0.46621174E-03
  4053  -0.62104331E+01  -0.66199619E-03   0.46609672E-03
  4054  -0.62104335E+01  -0.66183302E-03   0.46598175E-03
  4055  -0.62104339E+01  -0.66166993E-03   0.46586684E-03
  4056  -0.62104342E+01  -0.66150692E-03   0.46575199E-03
  4057  -0.62104346E+01  -0.66134399E-03   0.46563719E-03
  4058  -0.62104350E+01  -0.66118113E-03   0.46552245E-03
  4059  -0.62104354E+01  -0.66101836E-03   0.46540777E-03
  4060  -0.62104358E+01  -0.66085567E-03   0.46529314E-03
  4061  -0.62104361E+01  -0.66069306E-03   0.46517857E-03
  4062  -0.62104365E+01  -0.66053053E-03   0.46506406E-03
  4063  -0.62104369E+01  -0.66036808E-03   0.46494960E-03
  4064  -0.62104373E+01  -0.66020571E-03   0.46483520E-03
  4065  -0.62104377E+01  -0.66004342E-03   0.46472086E-03
  4066  -0.62104381E+01  -0.65988121E-03   0.46460657E-03
  4067  -0.62104384E+01  -0.65971907E-03   0.46449233E-03
  4068  -0.62104388E+01  -0.65955702E-03   0.46437816E-03
  4069  -0.62104392E+01  -0.65939505E-03   0.46426404E-03
  4070  -0.62104396E+01  -0.65923316E-03   0.46414997E-03
  4071  -0.62104400E+01  -0.65907134E-03   0.46403596E-03
  4072  -0.62104403E+01  -0.65890961E-03   0.46392201E-03
  4073  -0.62104407E+01  -0.65874795E-03   0.46380812E-03
  4074  -0.62104411E+01  -0.65858638E-03   0.46369428E-03
  4075  -0.62104415E+01  -0.65842488E-03   0.46358049E-03
  4076  -0.62104418E+01  -0.65826346E-03   0.46346676E-03
  4077  -0.62104422E+01  -0.65810213E-03   0.46335309E-03
  4078  -0.62104426E+01  -0.65794087E-03   0.46323947E-03
  4079  -0.62104430E+01  -0.65777969E-03   0.46312591E-03
  4080  -0.62104434E+01  -0.65761859E-03   0.46301240E-03
  4081  -0.62104437E+01  -0.65745756E-03   0.46289895E-03
  4082  -0.62104441E+01  -0.65729662E-03   0.46278556E-03
  4083  -0.62104445E+01  -0.65713576E-03   0.46267222E-03
  4084  -0.62104449E+01  -0.65697497E-03   0.46255894E-03
  4085  -0.62104452E+01  -0.65681426E-03   0.46244571E-03
  4086  -0.62104456E+01  -0.65665363E-03   0.46233254E-03
  4087  -0.62104460E+01  -0.65649308E-03   0.46221942E-03
  4088  -0.62104464E+01  -0.65633261E-03   0.46210636E-03
  4089  -0.62104467E+01  -0.65617222E-03   0.46199335E-03
  4090  -0.62104471E+01  -0.65601191E-03   0.46188040E-03
  4091  -0.62104475E+01  -0.65585167E-03   0.46176750E-03
  4092  -0.62104479E+01  -0.65569151E-03   0.46165466E-03
  4093  -0.62104482E+01  -0.65553143E-03   0.46154187E-03
  4094  -0.62104486E+01  -0.65537143E-03   0.46142914E-03
  4095  -0.62104490E+01  -0.65521151E-03   0.46131647E-03
  4096  -0.62104494E+01  -0.65505166E-03   0.46120385E-03
  4097  -0.62104497E+01  -0.65489189E-03   0.46109128E-03
  4098  -0.62104501E+01  -0.65473220E-03   0.46097877E-03
  4099  -0.62104505E+01  -0.65457259E-03   0.46086631E-03
  4100  -0.62104509E+01  -0.65441306E-03   0.46075391E-03
  4101  -0.62104512E+01  -0.65425360E-03   0.46064157E-03
  4102  -0.62104516E+01  -0.65409422E-03   0.46052927E-03
  4103  -0.62104520E+01  -0.65393492E-03   0.46041704E-03
  4104  -0.62104523E+01  -0.65377570E-03   0.46030485E-03
  4105  -0.62104527E+01  -0.65361655E-03   0.46019273E-03
  4106  -0.62104531E+01  -0.65345748E-03   0.46008065E-03
  4107  -0.62104535E+01  -0.65329849E-03   0.45996863E-03
  4108  -0.62104538E+01  -0.65313958E-03   0.45985667E-03
  4109  -0.62104542E+01  -0.65298074E-03   0.45974476E-03
  4110  -0.62104546E+01  -0.65282198E-03   0.45963291E-03
  4111  -0.62104549E+01  -0.65266330E-03   0.45952111E-03
  4112  -0.62104553E+01  -0.65250469E-03   0.45940936E-03
  4113  -0.62104557E+01  -0.65234617E-03   0.45929767E-03
  4114  -0.62104561E+01  -0.65218772E-03   0.45918603E-03
  4115  -0.62104564E+01  -0.65202934E-03   0.45907445E-03
  4116  -0.62104568E+01  -0.65187104E-03   0.45896292E-03
  4117  -0.62104572E+01  -0.65171282E-03   0.45885144E-03
  4118  -0.62104575E+01  -0.65155468E-03   0.45874002E-03
  4119  -0.62104579E+01  -0.65139661E-03   0.45862866E-03
  4120  -0.62104583E+01  -0.65123862E-03   0.45851734E-03
  4121  -0.62104586E+01  -0.65108071E-03   0.45840608E-03
  4122  -0.62104590E+01  -0.65092287E-03   0.45829488E-03
  4123  -0.62104594E+01  -0.65076511E-03   0.45818373E-03
  4124  -0.62104597E+01  -0.65060743E-03   0.45807263E-03
  4125  -0.62104601E+01  -0.65044982E-03   0.45796159E-03
  4126  -0.62104605E+01  -0.65029229E-03   0.45785060E-03
  4127  -0.62104608E+01  -0.65013484E-03   0.45773966E-03
  4128  -0.62104612E+01  -0.64997746E-03   0.45762878E-03
  4129  -0.62104616E+01  -0.64982015E-03   0.45751795E-03
  4130  -0.62104620E+01  -0.64966293E-03   0.45740718E-03
  4131  -0.62104623E+01  -0.64950578E-03   0.45729646E-03
  4132  -0.62104627E+01  -0.64934870E-03   0.45718579E-03
  4133  -0.62104631E+01  -0.64919171E-03   0.45707518E-03
  4134  -0.62104634E+01  -0.64903478E-03   0.45696462E-03
  4135  -0.62104638E+01  -0.64887794E-03   0.45685411E-03
  4136  -0.62104641E+01  -0.64872117E-03   0.45674366E-03
  4137  -0.62104645E+01  -0.64856447E-03   0.45663326E-03
  4138  -0.62104649E+01  -0.64840785E-03   0.45652291E-03
  4139  -0.62104652E+01  -0.64825131E-03   0.45641262E-03
  4140  -0.62104656E+01  -0.64809484E-03   0.45630238E-03
  4141  -0.62104660E+01  -0.64793845E-03   0.45619219E-03
  4142  -0.62104663E+01  -0.64778213E-03   0.45608206E-03
  4143  -0.62104667E+01  -0.64762589E-03   0.45597198E-03
  4144  -0.62104671E+01  -0.64746972E-03   0.45586195E-03
  4145  -0.62104674E+01  -0.64731363E-03   0.45575198E-03
  4146  -0.62104678E+01  -0.64715761E-03   0.45564206E-03
  4147  -0.62104682E+01  -0.64700167E-03   0.45553219E-03
  4148  -0.62104685E+01  -0.64684581E-03   0.45542238E-03
  4149  -0.62104689E+01  -0.64669002E-03   0.45531261E-03
  4150  -0.62104692E+01  -0.64653430E-03   0.45520290E-03
  4151  -0.62104696E+01  -0.64637866E-03   0.45509325E-03
  4152  -0.62104700E+01  -0.64622309E-03   0.45498364E-03
  4153  -0.62104703E+01  -0.64606760E-03   0.45487409E-03
  4154  -0.62104707E+01  -0.64591219E-03   0.45476460E-03
  4155  -0.62104711E+01  -0.64575685E-03   0.45465515E-03
  4156  -0.62104714E+01  -0.64560158E-03   0.45454576E-03
  4157  -0.62104718E+01  -0.64544639E-03   0.45443642E-03
  4158  -0.62104721E+01  -0.64529127E-03   0.45432713E-03
  4159  -0.62104725E+01  -0.64513623E-03   0.45421790E-03
  4160  -0.62104729E+01  -0.64498126E-03   0.45410871E-03
  4161  -0.62104732E+01  -0.64482636E-03   0.45399958E-03
  4162  -0.62104736E+01  -0.64467155E-03   0.45389051E-03
  4163  -0.62104739E+01  -0.64451680E-03   0.45378148E-03
  4164  -0.62104743E+01  -0.64436213E-03   0.45367251E-03
  4165  -0.62104747E+01  -0.64420753E-03   0.45356359E-03
  4166  -0.62104750E+01  -0.64405301E-03   0.45345472E-03
  4167  -0.62104754E+01  -0.64389856E-03   0.45334590E-03
  4168  -0.62104757E+01  -0.64374419E-03   0.45323714E-03
  4169  -0.62104761E+01  -0.64358989E-03   0.45312843E-03
  4170  -0.62104765E+01  -0.64343566E-03   0.45301977E-03
  4171  -0.62104768E+01  -0.64328151E-03   0.45291116E-03
  4172  -0.62104772E+01  -0.64312743E-03   0.45280261E-03
  4173  -0.62104775E+01  -0.64297342E-03   0.45269410E-03
  4174  -0.62104779E+01  -0.64281949E-03   0.45258565E-03
  4175  -0.62104783E+01  -0.64266564E-03   0.45247725E-03
  4176  -0.62104786E+01  -0.64251185E-03   0.45236891E-03
  4177  -0.62104790E+01  -0.64235814E-03   0.45226061E-03
  4178  -0.62104793E+01  -0.64220450E-03   0.45215237E-03
  4179  -0.62104797E+01  -0.64205094E-03   0.45204417E-03
  4180  -0.62104800E+01  -0.64189745E-03   0.45193603E-03
  4181  -0.62104804E+01  -0.64174403E-03   0.45182795E-03
  4182  -0.62104808E+01  -0.64159069E-03   0.45171991E-03
  4183  -0.62104811E+01  -0.64143742E-03   0.45161192E-03
  4184  -0.62104815E+01  -0.64128422E-03   0.45150399E-03
  4185  -0.62104818E+01  -0.64113110E-03   0.45139611E-03
  4186  -0.62104822E+01  -0.64097805E-03   0.45128828E-03
  4187  -0.62104825E+01  -0.64082507E-03   0.45118050E-03
  4188  -0.62104829E+01  -0.64067217E-03   0.45107277E-03
  4189  -0.62104833E+01  -0.64051934E-03   0.45096510E-03
  4190  -0.62104836E+01  -0.64036658E-03   0.45085747E-03
  4191  -0.62104840E+01  -0.64021389E-03   0.45074990E-03
  4192  -0.62104843E+01  -0.64006128E-03   0.45064238E-03
  4193  -0.62104847E+01  -0.63990874E-03   0.45053491E-03
  4194  -0.62104850E+01  -0.63975627E-03   0.45042749E-03
  4195  -0.62104854E+01  -0.63960388E-03   0.45032012E-03
  4196  -0.62104857E+01  -0.63945156E-03   0.45021280E-03
  4197  -0.62104861E+01  -0.63929931E-03   0.45010554E-03
  4198  -0.62104864E+01  -0.63914713E-03   0.44999832E-03
  4199  -0.62104868E+01  -0.63899502E-03   0.44989116E-03
  4200  -0.62104872E+01  -0.63884299E-03   0.44978405E-03
  4201  -0.62104875E+01  -0.63869103E-03   0.44967698E-03
  4202  -0.62104879E+01  -0.63853914E-03   0.44956997E-03
  4203  -0.62104882E+01  -0.63838733E-03   0.44946301E-03
  4204  -0.62104886E+01  -0.63823558E-03   0.44935611E-03
  4205  -0.62104889E+01  -0.63808391E-03   0.44924925E-03
  4206  -0.62104893E+01  -0.63793231E-03   0.44914244E-03
  4207  -0.62104896E+01  -0.63778079E-03   0.44903568E-03
  4208  -0.62104900E+01  -0.63762933E-03   0.44892898E-03
  4209  -0.62104903E+01  -0.63747795E-03   0.44882232E-03
  4210  -0.62104907E+01  -0.63732664E-03   0.44871572E-03
  4211  -0.62104910E+01  -0.63717540E-03   0.44860916E-03
  4212  -0.62104914E+01  -0.63702423E-03   0.44850266E-03
  4213  -0.62104917E+01  -0.63687313E-03   0.44839621E-03
  4214  -0.62104921E+01  -0.63672211E-03   0.44828981E-03
  4215  -0.62104924E+01  -0.63657115E-03   0.44818346E-03
  4216  -0.62104928E+01  -0.63642027E-03   0.44807715E-03
  4217  -0.62104931E+01  -0.63626946E-03   0.44797090E-03
  4218  -0.62104935E+01  -0.63611872E-03   0.44786470E-03
  4219  -0.62104938E+01  -0.63596806E-03   0.44775855E-03
  4220  -0.62104942E+01  -0.63581746E-03   0.44765245E-03
  4221  -0.62104945E+01  -0.63566694E-03   0.44754640E-03
  4222  -0.62104949E+01  -0.63551648E-03   0.44744040E-03
  4223  -0.62104952E+01  -0.63536610E-03   0.44733446E-03
  4224  -0.62104956E+01  -0.63521579E-03   0.44722856E-03
  4225  -0.62104959E+01  -0.63506555E-03   0.44712271E-03
  4226  -0.62104963E+01  -0.63491538E-03   0.44701691E-03
  4227  -0.62104966E+01  -0.63476529E-03   0.44691116E-03
  4228  -0.62104970E+01  -0.63461526E-03   0.44680546E-03
  4229  -0.62104973E+01  -0.63446530E-03   0.44669981E-03
  4230  -0.62104977E+01  -0.63431542E-03   0.44659422E-03
  4231  -0.62104980E+01  -0.63416560E-03   0.44648867E-03
  4232  -0.62104984E+01  -0.63401586E-03   0.44638317E-03
  4233  -0.62104987E+01  -0.63386619E-03   0.44627772E-03
  4234  -0.62104991E+01  -0.63371659E-03   0.44617232E-03
  4235  -0.62104994E+01  -0.63356705E-03   0.44606697E-03
  4236  -0.62104998E+01  -0.63341759E-03   0.44596167E-03
  4237  -0.62105001E+01  -0.63326820E-03   0.44585642E-03
  4238  -0.62105004E+01  -0.63311888E-03   0.44575122E-03
  4239  -0.62105008E+01  -0.63296963E-03   0.44564607E-03
  4240  -0.62105011E+01  -0.63282045E-03   0.44554097E-03
  4241  -0.62105015E+01  -0.63267134E-03   0.44543592E-03
  4242  -0.62105018E+01  -0.63252231E-03   0.44533091E-03
  4243  -0.62105022E+01  -0.63237334E-03   0.44522596E-03
  4244  -0.62105025E+01  -0.63222444E-03   0.44512106E-03
  4245  -0.62105029E+01  -0.63207561E-03   0.44501621E-03
  4246  -0.62105032E+01  -0.63192685E-03   0.44491140E-03
  4247  -0.62105036E+01  -0.63177816E-03   0.44480665E-03
  4248  -0.62105039E+01  -0.63162955E-03   0.44470194E-03
  4249  -0.62105042E+01  -0.63148100E-03   0.44459728E-03
  4250  -0.62105046E+01  -0.63133252E-03   0.44449268E-03
  4251  -0.62105049E+01  -0.63118411E-03   0.44438812E-03
  4252  -0.62105053E+01  -0.63103577E-03   0.44428361E-03
  4253  -0.62105056E+01  -0.63088750E-03   0.44417915E-03
  4254  -0.62105060E+01  -0.63073930E-03   0.44407474E-03
  4255  -0.62105063E+01  -0.63059117E-03   0.44397038E-03
  4256  -0.62105067E+01  -0.63044311E-03   0.44386607E-03
  4257  -0.62105070E+01  -0.63029512E-03   0.44376180E-03
  4258  -0.62105073E+01  -0.63014720E-03   0.44365759E-03
  4259  -0.62105077E+01  -0.62999935E-03   0.44355342E-03
  4260  -0.62105080E+01  -0.62985157E-03   0.44344931E-03
  4261  -0.62105084E+01  -0.62970385E-03   0.44334524E-03
  4262  -0.62105087E+01  -0.62955621E-03   0.44324122E-03
  4263  -0.62105091E+01  -0.62940863E-03   0.44313725E-03
  4264  -0.62105094E+01  -0.62926113E-03   0.44303333E-03
  4265  -0.62105097E+01  -0.62911369E-03   0.44292946E-03
  4266  -0.62105101E+01  -0.62896632E-03   0.44282563E-03
  4267  -0.62105104E+01  -0.62881903E-03   0.44272186E-03
  4268  -0.62105108E+01  -0.62867180E-03   0.44261813E-03
  4269  -0.62105111E+01  -0.62852464E-03   0.44251445E-03
  4270  -0.62105114E+01  -0.62837754E-03   0.44241082E-03
  4271  -0.62105118E+01  -0.62823052E-03   0.44230724E-03
  4272  -0.62105121E+01  -0.62808357E-03   0.44220371E-03
  4273  -0.62105125E+01  -0.62793668E-03   0.44210023E-03
  4274  -0.62105128E+01  -0.62778986E-03   0.44199679E-03
  4275  -0.62105131E+01  -0.62764312E-03   0.44189340E-03
  4276  -0.62105135E+01  -0.62749644E-03   0.44179006E-03
  4277  -0.62105138E+01  -0.62734983E-03   0.44168677E-03
  4278  -0.62105142E+01  -0.62720328E-03   0.44158353E-03
  4279  -0.62105145E+01  -0.62705681E-03   0.44148034E-03
  4280  -0.62105148E+01  -0.62691040E-03   0.44137719E-03
  4281  -0.62105152E+01  -0.62676407E-03   0.44127409E-03
  4282  -0.62105155E+01  -0.62661780E-03   0.44117104E-03
  4283  -0.62105159E+01  -0.62647160E-03   0.44106804E-03
  4284  -0.62105162E+01  -0.62632547E-03   0.44096509E-03
  4285  -0.62105165E+01  -0.62617940E-03   0.44086219E-03
  4286  -0.62105169E+01  -0.62603340E-03   0.44075933E-03
  4287  -0.62105172E+01  -0.62588748E-03   0.44065652E-03
  4288  -0.62105175E+01  -0.62574162E-03   0.44055376E-03
  4289  -0.62105179E+01  -0.62559582E-03   0.44045104E-03
  4290  -0.62105182E+01  -0.62545010E-03   0.44034838E-03
  4291  -0.62105186E+01  -0.62530444E-03   0.44024576E-03
  4292  -0.62105189E+01  -0.62515886E-03   0.44014319E-03
  4293  -0.62105192E+01  -0.62501333E-03   0.44004067E-03
  4294  -0.62105196E+01  -0.62486788E-03   0.43993820E-03
  4295  -0.62105199E+01  -0.62472250E-03   0.43983577E-03
  4296  -0.62105202E+01  -0.62457718E-03   0.43973339E-03
  4297  -0.62105206E+01  -0.62443193E-03   0.43963106E-03
  4298  -0.62105209E+01  -0.62428675E-03   0.43952878E-03
  4299  -0.62105213E+01  -0.62414163E-03   0.43942654E-03
  4300  -0.62105216E+01  -0.62399658E-03   0.43932435E-03
  4301  -0.62105219E+01  -0.62385160E-03   0.43922221E-03
  4302  -0.62105223E+01  -0.62370669E-03   0.43912012E-03
  4303  -0.62105226E+01  -0.62356184E-03   0.43901807E-03
  4304  -0.62105229E+01  -0.62341707E-03   0.43891607E-03
  4305  -0.62105233E+01  -0.62327235E-03   0.43881412E-03
  4306  -0.62105236E+01  -0.62312771E-03   0.43871222E-03
  4307  -0.62105239E+01  -0.62298313E-03   0.43861036E-03
  4308  -0.62105243E+01  -0.62283862E-03   0.43850855E-03
  4309  -0.62105246E+01  -0.62269418E-03   0.43840679E-03
  4310  -0.62105249E+01  -0.62254981E-03   0.43830507E-03
  4311  -0.62105253E+01  -0.62240550E-03   0.43820341E-03
  4312  -0.62105256E+01  -0.62226125E-03   0.43810179E-03
  4313  -0.62105259E+01  -0.62211708E-03   0.43800021E-03
  4314  -0.62105263E+01  -0.62197297E-03   0.43789869E-03
  4315  -0.62105266E+01  -0.62182893E-03   0.43779721E-03
  4316  -0.62105269E+01  -0.62168495E-03   0.43769577E-03
  4317  -0.62105273E+01  -0.62154105E-03   0.43759439E-03
  4318  -0.62105276E+01  -0.62139721E-03   0.43749305E-03
  4319  -0.62105279E+01  -0.62125343E-03   0.43739176E-03
  4320  -0.62105283E+01  -0.62110972E-03   0.43729052E-03
  4321  -0.62105286E+01  -0.62096608E-03   0.43718932E-03
  4322  -0.62105289E+01  -0.62082250E-03   0.43708817E-03
  4323  -0.62105293E+01  -0.62067899E-03   0.43698706E-03
  4324  -0.62105296E+01  -0.62053555E-03   0.43688601E-03
  4325  -0.62105299E+01  -0.62039218E-03   0.43678500E-03
  4326  -0.62105303E+01  -0.62024886E-03   0.43668403E-03
  4327  -0.62105306E+01  -0.62010562E-03   0.43658311E-03
  4328  -0.62105309E+01  -0.61996244E-03   0.43648224E-03
  4329  -0.62105313E+01  -0.61981933E-03   0.43638142E-03
  4330  -0.62105316E+01  -0.61967628E-03   0.43628064E-03
  4331  -0.62105319E+01  -0.61953330E-03   0.43617991E-03
  4332  -0.62105322E+01  -0.61939039E-03   0.43607923E-03
  4333  -0.62105326E+01  -0.61924754E-03   0.43597859E-03
  4334  -0.62105329E+01  -0.61910476E-03   0.43587800E-03
  4335  -0.62105332E+01  -0.61896204E-03   0.43577745E-03
  4336  -0.62105336E+01  -0.61881939E-03   0.43567696E-03
  4337  -0.62105339E+01  -0.61867681E-03   0.43557650E-03
  4338  -0.62105342E+01  -0.61853429E-03   0.43547610E-03
  4339  -0.62105346E+01  -0.61839184E-03   0.43537574E-03
  4340  -0.62105349E+01  -0.61824945E-03   0.43527542E-03
  4341  -0.62105352E+01  -0.61810713E-03   0.43517516E-03
  4342  -0.62105355E+01  -0.61796487E-03   0.43507494E-03
  4343  -0.62105359E+01  -0.61782268E-03   0.43497476E-03
  4344  -0.62105362E+01  -0.61768055E-03   0.43487463E-03
  4345  -0.62105365E+01  -0.61753849E-03   0.43477455E-03
  4346  -0.62105369E+01  -0.61739650E-03   0.43467451E-03
  4347  -0.62105372E+01  -0.61725457E-03   0.43457452E-03
  4348  -0.62105375E+01  -0.61711270E-03   0.43447458E-03
  4349  -0.62105378E+01  -0.61697090E-03   0.43437468E-03
  4350  -0.62105382E+01  -0.61682917E-03   0.43427483E-03
  4351  -0.62105385E+01  -0.61668750E-03   0.43417502E-03
  4352  -0.62105388E+01  -0.61654589E-03   0.43407526E-03
  4353  -0.62105392E+01  -0.61640436E-03   0.43397554E-03
  4354  -0.62105395E+01  -0.61626288E-03   0.43387587E-03
  4355  -0.62105398E+01  -0.61612147E-03   0.43377625E-03
  4356  -0.62105401E+01  -0.61598013E-03   0.43367667E-03
  4357  -0.62105405E+01  -0.61583885E-03   0.43357714E-03
  4358  -0.62105408E+01  -0.61569763E-03   0.43347765E-03
  4359  -0.62105411E+01  -0.61555648E-03   0.43337821E-03
  4360  -0.62105414E+01  -0.61541540E-03   0.43327882E-03
  4361  -0.62105418E+01  -0.61527438E-03   0.43317947E-03
  4362  -0.62105421E+01  -0.61513342E-03   0.43308016E-03
  4363  -0.62105424E+01  -0.61499253E-03   0.43298091E-03
  4364  -0.62105427E+01  -0.61485170E-03   0.43288169E-03
  4365  -0.62105431E+01  -0.61471094E-03   0.43278253E-03
  4366  -0.62105434E+01  -0.61457024E-03   0.43268340E-03
  4367  -0.62105437E+01  -0.61442961E-03   0.43258433E-03
  4368  -0.62105440E+01  -0.61428904E-03   0.43248530E-03
  4369  -0.62105444E+01  -0.61414853E-03   0.43238631E-03
  4370  -0.62105447E+01  -0.61400809E-03   0.43228737E-03
  4371  -0.62105450E+01  -0.61386772E-03   0.43218847E-03
  4372  -0.62105453E+01  -0.61372740E-03   0.43208962E-03
  4373  -0.62105457E+01  -0.61358716E-03   0.43199082E-03
  4374  -0.62105460E+01  -0.61344697E-03   0.43189206E-03
  4375  -0.62105463E+01  -0.61330685E-03   0.43179334E-03
  4376  -0.62105466E+01  -0.61316680E-03   0.43169467E-03
  4377  -0.62105470E+01  -0.61302680E-03   0.43159605E-03
  4378  -0.62105473E+01  -0.61288688E-03   0.43149747E-03
  4379  -0.62105476E+01  -0.61274701E-03   0.43139893E-03
  4380  -0.62105479E+01  -0.61260721E-03   0.43130044E-03
  4381  -0.62105482E+01  -0.61246747E-03   0.43120200E-03
  4382  -0.62105486E+01  -0.61232780E-03   0.43110360E-03
  4383  -0.62105489E+01  -0.61218819E-03   0.43100525E-03
  4384  -0.62105492E+01  -0.61204865E-03   0.43090694E-03
  4385  -0.62105495E+01  -0.61190916E-03   0.43080867E-03
  4386  -0.62105499E+01  -0.61176974E-03   0.43071045E-03
  4387  -0.62105502E+01  -0.61163039E-03   0.43061228E-03
  4388  -0.62105505E+01  -0.61149110E-03   0.43051414E-03
  4389  -0.62105508E+01  -0.61135187E-03   0.43041606E-03
  4390  -0.62105511E+01  -0.61121270E-03   0.43031802E-03
  4391  -0.62105515E+01  -0.61107360E-03   0.43022002E-03
  4392  -0.62105518E+01  -0.61093457E-03   0.43012207E-03
  4393  -0.62105521E+01  -0.61079559E-03   0.43002416E-03
  4394  -0.62105524E+01  -0.61065668E-03   0.42992630E-03
  4395  -0.62105528E+01  -0.61051783E-03   0.42982848E-03
  4396  -0.62105531E+01  -0.61037905E-03   0.42973071E-03
  4397  -0.62105534E+01  -0.61024032E-03   0.42963298E-03
  4398  -0.62105537E+01  -0.61010166E-03   0.42953529E-03
  4399  -0.62105540E+01  -0.60996307E-03   0.42943765E-03
  4400  -0.62105544E+01  -0.60982453E-03   0.42934006E-03
  4401  -0.62105547E+01  -0.60968606E-03   0.42924250E-03
  4402  -0.62105550E+01  -0.60954766E-03   0.42914500E-03
  4403  -0.62105553E+01  -0.60940931E-03   0.42904753E-03
  4404  -0.62105556E+01  -0.60927103E-03   0.42895011E-03
  4405  -0.62105559E+01  -0.60913281E-03   0.42885274E-03
  4406  -0.62105563E+01  -0.60899465E-03   0.42875541E-03
  4407  -0.62105566E+01  -0.60885656E-03   0.42865812E-03
  4408  -0.62105569E+01  -0.60871853E-03   0.42856088E-03
  4409  -0.62105572E+01  -0.60858056E-03   0.42846368E-03
  4410  -0.62105575E+01  -0.60844265E-03   0.42836653E-03
  4411  -0.62105579E+01  -0.60830481E-03   0.42826942E-03
  4412  -0.62105582E+01  -0.60816703E-03   0.42817235E-03
  4413  -0.62105585E+01  -0.60802931E-03   0.42807533E-03
  4414  -0.62105588E+01  -0.60789165E-03   0.42797835E-03
  4415  -0.62105591E+01  -0.60775406E-03   0.42788142E-03
  4416  -0.62105594E+01  -0.60761653E-03   0.42778453E-03
  4417  -0.62105598E+01  -0.60747906E-03   0.42768768E-03
  4418  -0.62105601E+01  -0.60734165E-03   0.42759088E-03
  4419  -0.62105604E+01  -0.60720431E-03   0.42749412E-03
  4420  -0.62105607E+01  -0.60706702E-03   0.42739741E-03
  4421  -0.62105610E+01  -0.60692980E-03   0.42730073E-03
  4422  -0.62105614E+01  -0.60679264E-03   0.42720411E-03
  4423  -0.62105617E+01  -0.60665555E-03   0.42710752E-03
  4424  -0.62105620E+01  -0.60651851E-03   0.42701098E-03
  4425  -0.62105623E+01  -0.60638154E-03   0.42691449E-03
  4426  -0.62105626E+01  -0.60624463E-03   0.42681803E-03
  4427  -0.62105629E+01  -0.60610778E-03   0.42672163E-03
  4428  -0.62105632E+01  -0.60597099E-03   0.42662526E-03
  4429  -0.62105636E+01  -0.60583426E-03   0.42652894E-03
  4430  -0.62105639E+01  -0.60569760E-03   0.42643266E-03
  4431  -0.62105642E+01  -0.60556099E-03   0.42633642E-03
  4432  -0.62105645E+01  -0.60542445E-03   0.42624023E-03
  4433  -0.62105648E+01  -0.60528797E-03   0.42614408E-03
  4434  -0.62105651E+01  -0.60515156E-03   0.42604798E-03
  4435  -0.62105655E+01  -0.60501520E-03   0.42595192E-03
  4436  -0.62105658E+01  -0.60487890E-03   0.42585590E-03
  4437  -0.62105661E+01  -0.60474267E-03   0.42575992E-03
  4438  -0.62105664E+01  -0.60460650E-03   0.42566399E-03
  4439  -0.62105667E+01  -0.60447039E-03   0.42556810E-03
  4440  -0.62105670E+01  -0.60433434E-03   0.42547226E-03
  4441  -0.62105673E+01  -0.60419835E-03   0.42537645E-03
  4442  -0.62105676E+01  -0.60406242E-03   0.42528070E-03
  4443  -0.62105680E+01  -0.60392655E-03   0.42518498E-03
  4444  -0.62105683E+01  -0.60379075E-03   0.42508931E-03
  4445  -0.62105686E+01  -0.60365501E-03   0.42499368E-03
  4446  -0.62105689E+01  -0.60351932E-03   0.42489809E-03
  4447  -0.62105692E+01  -0.60338370E-03   0.42480254E-03
  4448  -0.62105695E+01  -0.60324814E-03   0.42470704E-03
  4449  -0.62105698E+01  -0.60311264E-03   0.42461159E-03
  4450  -0.62105702E+01  -0.60297720E-03   0.42451617E-03
  4451  -0.62105705E+01  -0.60284182E-03   0.42442080E-03
  4452  -0.62105708E+01  -0.60270650E-03   0.42432547E-03
  4453  -0.62105711E+01  -0.60257125E-03   0.42423018E-03
  4454  -0.62105714E+01  -0.60243605E-03   0.42413494E-03
  4455  -0.62105717E+01  -0.60230091E-03   0.42403974E-03
  4456  -0.62105720E+01  -0.60216584E-03   0.42394458E-03
  4457  -0.62105723E+01  -0.60203082E-03   0.42384946E-03
  4458  -0.62105726E+01  -0.60189587E-03   0.42375439E-03
  4459  -0.62105730E+01  -0.60176098E-03   0.42365936E-03
  4460  -0.62105733E+01  -0.60162614E-03   0.42356437E-03
  4461  -0.62105736E+01  -0.60149137E-03   0.42346943E-03
  4462  -0.62105739E+01  -0.60135666E-03   0.42337452E-03
  4463  -0.62105742E+01  -0.60122201E-03   0.42327966E-03
  4464  -0.62105745E+01  -0.60108741E-03   0.42318485E-03
  4465  -0.62105748E+01  -0.60095288E-03   0.42309007E-03
  4466  -0.62105751E+01  -0.60081841E-03   0.42299534E-03
  4467  -0.62105754E+01  -0.60068400E-03   0.42290065E-03
  4468  -0.62105758E+01  -0.60054965E-03   0.42280600E-03
  4469  -0.62105761E+01  -0.60041536E-03   0.42271139E-03
  4470  -0.62105764E+01  -0.60028113E-03   0.42261683E-03
  4471  -0.62105767E+01  -0.60014696E-03   0.42252231E-03
  4472  -0.62105770E+01  -0.60001285E-03   0.42242783E-03
  4473  -0.62105773E+01  -0.59987879E-03   0.42233340E-03
  4474  -0.62105776E+01  -0.59974480E-03   0.42223900E-03
  4475  -0.62105779E+01  -0.59961087E-03   0.42214465E-03
  4476  -0.62105782E+01  -0.59947700E-03   0.42205034E-03
  4477  -0.62105785E+01  -0.59934319E-03   0.42195607E-03
  4478  -0.62105788E+01  -0.59920944E-03   0.42186185E-03
  4479  -0.62105791E+01  -0.59907574E-03   0.42176766E-03
  4480  -0.62105795E+01  -0.59894211E-03   0.42167352E-03
  4481  -0.62105798E+01  -0.59880854E-03   0.42157942E-03
  4482  -0.62105801E+01  -0.59867503E-03   0.42148536E-03
  4483  -0.62105804E+01  -0.59854157E-03   0.42139135E-03
  4484  -0.62105807E+01  -0.59840818E-03   0.42129737E-03
  4485  -0.62105810E+01  -0.59827484E-03   0.42120344E-03
  4486  -0.62105813E+01  -0.59814157E-03   0.42110955E-03
  4487  -0.62105816E+01  -0.59800835E-03   0.42101571E-03
  4488  -0.62105819E+01  -0.59787519E-03   0.42092190E-03
  4489  -0.62105822E+01  -0.59774210E-03   0.42082813E-03
  4490  -0.62105825E+01  -0.59760906E-03   0.42073441E-03
  4491  -0.62105828E+01  -0.59747608E-03   0.42064073E-03
  4492  -0.62105831E+01  -0.59734316E-03   0.42054709E-03
  4493  -0.62105834E+01  -0.59721030E-03   0.42045349E-03
  4494  -0.62105838E+01  -0.59707750E-03   0.42035994E-03
  4495  -0.62105841E+01  -0.59694475E-03   0.42026642E-03
  4496  -0.62105844E+01  -0.59681207E-03   0.42017295E-03
  4497  -0.62105847E+01  -0.59667944E-03   0.42007952E-03
  4498  -0.62105850E+01  -0.59654688E-03   0.41998613E-03
  4499  -0.62105853E+01  -0.59641437E-03   0.41989278E-03
  4500  -0.62105856E+01  -0.59628192E-03   0.41979948E-03
  4501  -0.62105859E+01  -0.59614953E-03   0.41970621E-03
  4502  -0.62105862E+01  -0.59601720E-03   0.41961299E-03
  4503  -0.62105865E+01  -0.59588493E-03   0.41951981E-03
  4504  -0.62105868E+01  -0.59575272E-03   0.41942667E-03
  4505  -0.62105871E+01  -0.59562056E-03   0.41933357E-03
  4506  -0.62105874E+01  -0.59548847E-03   0.41924051E-03
  4507  -0.62105877E+01  -0.59535643E-03   0.41914749E-03
  4508  -0.62105880E+01  -0.59522445E-03   0.41905451E-03
  4509  -0.62105883E+01  -0.59509253E-03   0.41896158E-03
  4510  -0.62105886E+01  -0.59496067E-03   0.41886869E-03
  4511  -0.62105889E+01  -0.59482887E-03   0.41877584E-03
  4512  -0.62105892E+01  -0.59469712E-03   0.41868302E-03
  4513  -0.62105895E+01  -0.59456544E-03   0.41859025E-03
  4514  -0.62105898E+01  -0.59443381E-03   0.41849753E-03
  4515  -0.62105901E+01  -0.59430224E-03   0.41840484E-03
  4516  -0.62105905E+01  -0.59417073E-03   0.41831219E-03
  4517  -0.62105908E+01  -0.59403927E-03   0.41821959E-03
  4518  -0.62105911E+01  -0.59390788E-03   0.41812702E-03
  4519  -0.62105914E+01  -0.59377654E-03   0.41803450E-03
  4520  -0.62105917E+01  -0.59364526E-03   0.41794202E-03
  4521  -0.62105920E+01  -0.59351404E-03   0.41784957E-03
  4522  -0.62105923E+01  -0.59338288E-03   0.41775717E-03
  4523  -0.62105926E+01  -0.59325177E-03   0.41766481E-03
  4524  -0.62105929E+01  -0.59312072E-03   0.41757249E-03
  4525  -0.62105932E+01  -0.59298973E-03   0.41748022E-03
  4526  -0.62105935E+01  -0.59285880E-03   0.41738798E-03
  4527  -0.62105938E+01  -0.59272793E-03   0.41729578E-03
  4528  -0.62105941E+01  -0.59259711E-03   0.41720363E-03
  4529  -0.62105944E+01  -0.59246635E-03   0.41711151E-03
  4530  -0.62105947E+01  -0.59233565E-03   0.41701944E-03
  4531  -0.62105950E+01  -0.59220501E-03   0.41692740E-03
  4532  -0.62105953E+01  -0.59207442E-03   0.41683541E-03
  4533  -0.62105956E+01  -0.59194390E-03   0.41674346E-03
  4534  -0.62105959E+01  -0.59181343E-03   0.41665154E-03
  4535  -0.62105962E+01  -0.59168301E-03   0.41655967E-03
  4536  -0.62105965E+01  -0.59155266E-03   0.41646784E-03
  4537  -0.62105968E+01  -0.59142236E-03   0.41637605E-03
  4538  -0.62105971E+01  -0.59129212E-03   0.41628430E-03
  4539  -0.62105974E+01  -0.59116194E-03   0.41619259E-03
  4540  -0.62105977E+01  -0.59103181E-03   0.41610092E-03
  4541  -0.62105980E+01  -0.59090174E-03   0.41600929E-03
  4542  -0.62105983E+01  -0.59077173E-03   0.41591770E-03
  4543  -0.62105986E+01  -0.59064178E-03   0.41582615E-03
  4544  -0.62105989E+01  -0.59051188E-03   0.41573465E-03
  4545  -0.62105992E+01  -0.59038204E-03   0.41564318E-03
  4546  -0.62105995E+01  -0.59025226E-03   0.41555175E-03
  4547  -0.62105998E+01  -0.59012253E-03   0.41546036E-03
  4548  -0.62106001E+01  -0.58999286E-03   0.41536902E-03
  4549  -0.62106004E+01  -0.58986325E-03   0.41527771E-03
  4550  -0.62106007E+01  -0.58973370E-03   0.41518644E-03
  4551  -0.62106010E+01  -0.58960420E-03   0.41509521E-03
  4552  -0.62106013E+01  -0.58947476E-03   0.41500403E-03
  4553  -0.62106016E+01  -0.58934537E-03   0.41491288E-03
  4554  -0.62106019E+01  -0.58921605E-03   0.41482177E-03
  4555  -0.62106022E+01  -0.58908678E-03   0.41473071E-03
  4556  -0.62106025E+01  -0.58895756E-03   0.41463968E-03
  4557  -0.62106028E+01  -0.58882841E-03   0.41454869E-03
  4558  -0.62106031E+01  -0.58869930E-03   0.41445775E-03
  4559  -0.62106034E+01  -0.58857026E-03   0.41436684E-03
  4560  -0.62106036E+01  -0.58844127E-03   0.41427597E-03
  4561  -0.62106039E+01  -0.58831234E-03   0.41418515E-03
  4562  -0.62106042E+01  -0.58818347E-03   0.41409436E-03
  4563  -0.62106045E+01  -0.58805465E-03   0.41400361E-03
  4564  -0.62106048E+01  -0.58792589E-03   0.41391290E-03
  4565  -0.62106051E+01  -0.58779718E-03   0.41382223E-03
  4566  -0.62106054E+01  -0.58766853E-03   0.41373161E-03
  4567  -0.62106057E+01  -0.58753994E-03   0.41364102E-03
  4568  -0.62106060E+01  -0.58741141E-03   0.41355047E-03
  4569  -0.62106063E+01  -0.58728292E-03   0.41345996E-03
  4570  -0.62106066E+01  -0.58715450E-03   0.41336949E-03
  4571  -0.62106069E+01  -0.58702613E-03   0.41327906E-03
  4572  -0.62106072E+01  -0.58689782E-03   0.41318867E-03
  4573  -0.62106075E+01  -0.58676957E-03   0.41309832E-03
  4574  -0.62106078E+01  -0.58664137E-03   0.41300801E-03
  4575  -0.62106081E+01  -0.58651322E-03   0.41291773E-03
  4576  -0.62106084E+01  -0.58638514E-03   0.41282750E-03
  4577  -0.62106087E+01  -0.58625710E-03   0.41273731E-03
  4578  -0.62106090E+01  -0.58612913E-03   0.41264715E-03
  4579  -0.62106093E+01  -0.58600121E-03   0.41255704E-03
  4580  -0.62106096E+01  -0.58587334E-03   0.41246696E-03
  4581  -0.62106099E+01  -0.58574554E-03   0.41237693E-03
  4582  -0.62106101E+01  -0.58561778E-03   0.41228693E-03
  4583  -0.62106104E+01  -0.58549009E-03   0.41219697E-03
  4584  -0.62106107E+01  -0.58536245E-03   0.41210706E-03
  4585  -0.62106110E+01  -0.58523486E-03   0.41201718E-03
  4586  -0.62106113E+01  -0.58510733E-03   0.41192734E-03
  4587  -0.62106116E+01  -0.58497986E-03   0.41183754E-03
  4588  -0.62106119E+01  -0.58485244E-03   0.41174778E-03
  4589  -0.62106122E+01  -0.58472507E-03   0.41165805E-03
  4590  -0.62106125E+01  -0.58459777E-03   0.41156837E-03
  4591  -0.62106128E+01  -0.58447051E-03   0.41147873E-03
  4592  -0.62106131E+01  -0.58434332E-03   0.41138912E-03
  4593  -0.62106134E+01  -0.58421618E-03   0.41129955E-03
  4594  -0.62106137E+01  -0.58408909E-03   0.41121003E-03
  4595  -0.62106140E+01  -0.58396206E-03   0.41112054E-03
  4596  -0.62106142E+01  -0.58383508E-03   0.41103109E-03
  4597  -0.62106145E+01  -0.58370816E-03   0.41094168E-03
  4598  -0.62106148E+01  -0.58358130E-03   0.41085231E-03
  4599  -0.62106151E+01  -0.58345449E-03   0.41076298E-03
  4600  -0.62106154E+01  -0.58332773E-03   0.41067368E-03
  4601  -0.62106157E+01  -0.58320103E-03   0.41058443E-03
  4602  -0.62106160E+01  -0.58307439E-03   0.41049521E-03
  4603  -0.62106163E+01  -0.58294780E-03   0.41040604E-03
  4604  -0.62106166E+01  -0.58282126E-03   0.41031690E-03
  4605  -0.62106169E+01  -0.58269478E-03   0.41022780E-03
  4606  -0.62106172E+01  -0.58256835E-03   0.41013874E-03
  4607  -0.62106175E+01  -0.58244198E-03   0.41004971E-03
  4608  -0.62106177E+01  -0.58231567E-03   0.40996073E-03
  4609  -0.62106180E+01  -0.58218941E-03   0.40987178E-03
  4610  -0.62106183E+01  -0.58206320E-03   0.40978288E-03
  4611  -0.62106186E+01  -0.58193705E-03   0.40969401E-03
  4612  -0.62106189E+01  -0.58181095E-03   0.40960518E-03
  4613  -0.62106192E+01  -0.58168491E-03   0.40951639E-03
  4614  -0.62106195E+01  -0.58155892E-03   0.40942764E-03
  4615  -0.62106198E+01  -0.58143299E-03   0.40933892E-03
  4616  -0.62106201E+01  -0.58130711E-03   0.40925025E-03
  4617  -0.62106204E+01  -0.58118129E-03   0.40916161E-03
  4618  -0.62106206E+01  -0.58105552E-03   0.40907301E-03
  4619  -0.62106209E+01  -0.58092980E-03   0.40898445E-03
  4620  -0.62106212E+01  -0.58080414E-03   0.40889593E-03
  4621  -0.62106215E+01  -0.58067854E-03   0.40880745E-03
  4622  -0.62106218E+01  -0.58055298E-03   0.40871900E-03
  4623  -0.62106221E+01  -0.58042749E-03   0.40863059E-03
  4624  -0.62106224E+01  -0.58030204E-03   0.40854222E-03
  4625  -0.62106227E+01  -0.58017665E-03   0.40845389E-03
  4626  -0.62106230E+01  -0.58005132E-03   0.40836560E-03
  4627  -0.62106232E+01  -0.57992604E-03   0.40827735E-03
  4628  -0.62106235E+01  -0.57980081E-03   0.40818913E-03
  4629  -0.62106238E+01  -0.57967564E-03   0.40810095E-03
  4630  -0.62106241E+01  -0.57955052E-03   0.40801281E-03
  4631  -0.62106244E+01  -0.57942545E-03   0.40792471E-03
  4632  -0.62106247E+01  -0.57930044E-03   0.40783665E-03
  4633  -0.62106250E+01  -0.57917549E-03   0.40774862E-03
  4634  -0.62106253E+01  -0.57905058E-03   0.40766063E-03
  4635  -0.62106255E+01  -0.57892573E-03   0.40757268E-03
  4636  -0.62106258E+01  -0.57880094E-03   0.40748477E-03
  4637  -0.62106261E+01  -0.57867620E-03   0.40739689E-03
  4638  -0.62106264E+01  -0.57855151E-03   0.40730906E-03
  4639  -0.62106267E+01  -0.57842688E-03   0.40722126E-03
  4640  -0.62106270E+01  -0.57830229E-03   0.40713350E-03
  4641  -0.62106273E+01  -0.57817777E-03   0.40704578E-03
  4642  -0.62106276E+01  -0.57805330E-03   0.40695809E-03
  4643  -0.62106278E+01  -0.57792888E-03   0.40687044E-03
  4644  -0.62106281E+01  -0.57780451E-03   0.40678284E-03
  4645  -0.62106284E+01  -0.57768020E-03   0.40669526E-03
  4646  -0.62106287E+01  -0.57755594E-03   0.40660773E-03
  4647  -0.62106290E+01  -0.57743173E-03   0.40652023E-03
  4648  -0.62106293E+01  -0.57730758E-03   0.40643277E-03
  4649  -0.62106296E+01  -0.57718348E-03   0.40634535E-03
  4650  -0.62106298E+01  -0.57705944E-03   0.40625797E-03
  4651  -0.62106301E+01  -0.57693544E-03   0.40617062E-03
  4652  -0.62106304E+01  -0.57681151E-03   0.40608332E-03
  4653  -0.62106307E+01  -0.57668762E-03   0.40599604E-03
  4654  -0.62106310E+01  -0.57656379E-03   0.40590881E-03
  4655  -0.62106313E+01  -0.57644001E-03   0.40582162E-03
  4656  -0.62106315E+01  -0.57631628E-03   0.40573446E-03
  4657  -0.62106318E+01  -0.57619261E-03   0.40564734E-03
  4658  -0.62106321E+01  -0.57606899E-03   0.40556025E-03
  4659  -0.62106324E+01  -0.57594542E-03   0.40547321E-03
  4660  -0.62106327E+01  -0.57582191E-03   0.40538620E-03
  4661  -0.62106330E+01  -0.57569845E-03   0.40529923E-03
  4662  -0.62106333E+01  -0.57557504E-03   0.40521229E-03
  4663  -0.62106335E+01  -0.57545168E-03   0.40512540E-03
  4664  -0.62106338E+01  -0.57532838E-03   0.40503854E-03
  4665  -0.62106341E+01  -0.57520513E-03   0.40495171E-03
  4666  -0.62106344E+01  -0.57508194E-03   0.40486493E-03
  4667  -0.62106347E+01  -0.57495879E-03   0.40477818E-03
  4668  -0.62106350E+01  -0.57483570E-03   0.40469147E-03
  4669  -0.62106352E+01  -0.57471266E-03   0.40460480E-03
  4670  -0.62106355E+01  -0.57458968E-03   0.40451816E-03
  4671  -0.62106358E+01  -0.57446674E-03   0.40443156E-03
  4672  -0.62106361E+01  -0.57434386E-03   0.40434500E-03
  4673  -0.62106364E+01  -0.57422104E-03   0.40425847E-03
  4674  -0.62106367E+01  -0.57409826E-03   0.40417198E-03
  4675  -0.62106369E+01  -0.57397554E-03   0.40408553E-03
  4676  -0.62106372E+01  -0.57385287E-03   0.40399912E-03
  4677  -0.62106375E+01  -0.57373025E-03   0.40391274E-03
  4678  -0.62106378E+01  -0.57360768E-03   0.40382640E-03
  4679  -0.62106381E+01  -0.57348517E-03   0.40374010E-03
  4680  -0.62106383E+01  -0.57336271E-03   0.40365383E-03
  4681  -0.62106386E+01  -0.57324030E-03   0.40356760E-03
  4682  -0.62106389E+01  -0.57311794E-03   0.40348141E-03
  4683  -0.62106392E+01  -0.57299564E-03   0.40339525E-03
  4684  -0.62106395E+01  -0.57287339E-03   0.40330913E-03
  4685  -0.62106397E+01  -0.57275119E-03   0.40322305E-03
  4686  -0.62106400E+01  -0.57262904E-03   0.40313700E-03
  4687  -0.62106403E+01  -0.57250694E-03   0.40305099E-03
  4688  -0.62106406E+01  -0.57238490E-03   0.40296502E-03
  4689  -0.62106409E+01  -0.57226291E-03   0.40287908E-03
  4690  -0.62106412E+01  -0.57214097E-03   0.40279319E-03
  4691  -0.62106414E+01  -0.57201908E-03   0.40270732E-03
  4692  -0.62106417E+01  -0.57189725E-03   0.40262150E-03
  4693  -0.62106420E+01  -0.57177546E-03   0.40253571E-03
  4694  -0.62106423E+01  -0.57165373E-03   0.40244995E-03
  4695  -0.62106426E+01  -0.57153205E-03   0.40236424E-03
  4696  -0.62106428E+01  -0.57141042E-03   0.40227856E-03
  4697  -0.62106431E+01  -0.57128884E-03   0.40219292E-03
  4698  -0.62106434E+01  -0.57116732E-03   0.40210731E-03
  4699  -0.62106437E+01  -0.57104585E-03   0.40202174E-03
  4700  -0.62106439E+01  -0.57092442E-03   0.40193620E-03
  4701  -0.62106442E+01  -0.57080305E-03   0.40185071E-03
  4702  -0.62106445E+01  -0.57068174E-03   0.40176524E-03
  4703  -0.62106448E+01  -0.57056047E-03   0.40167982E-03
  4704  -0.62106451E+01  -0.57043925E-03   0.40159443E-03
  4705  -0.62106453E+01  -0.57031809E-03   0.40150908E-03
  4706  -0.62106456E+01  -0.57019698E-03   0.40142376E-03
  4707  -0.62106459E+01  -0.57007592E-03   0.40133848E-03
  4708  -0.62106462E+01  -0.56995491E-03   0.40125324E-03
  4709  -0.62106465E+01  -0.56983395E-03   0.40116803E-03
  4710  -0.62106467E+01  -0.56971304E-03   0.40108286E-03
  4711  -0.62106470E+01  -0.56959219E-03   0.40099773E-03
  4712  -0.62106473E+01  -0.56947138E-03   0.40091263E-03
  4713  -0.62106476E+01  -0.56935063E-03   0.40082756E-03
  4714  -0.62106478E+01  -0.56922993E-03   0.40074254E-03
  4715  -0.62106481E+01  -0.56910928E-03   0.40065755E-03
  4716  -0.62106484E+01  -0.56898868E-03   0.40057259E-03
  4717  -0.62106487E+01  -0.56886813E-03   0.40048767E-03
  4718  -0.62106490E+01  -0.56874763E-03   0.40040279E-03
  4719  -0.62106492E+01  -0.56862719E-03   0.40031794E-03
  4720  -0.62106495E+01  -0.56850679E-03   0.40023313E-03
  4721  -0.62106498E+01  -0.56838645E-03   0.40014836E-03
  4722  -0.62106501E+01  -0.56826615E-03   0.40006362E-03
  4723  -0.62106503E+01  -0.56814591E-03   0.39997892E-03
  4724  -0.62106506E+01  -0.56802572E-03   0.39989425E-03
  4725  -0.62106509E+01  -0.56790558E-03   0.39980962E-03
  4726  -0.62106512E+01  -0.56778549E-03   0.39972502E-03
  4727  -0.62106514E+01  -0.56766545E-03   0.39964046E-03
  4728  -0.62106517E+01  -0.56754546E-03   0.39955594E-03
  4729  -0.62106520E+01  -0.56742552E-03   0.39947145E-03
  4730  -0.62106523E+01  -0.56730564E-03   0.39938700E-03
  4731  -0.62106525E+01  -0.56718580E-03   0.39930258E-03
  4732  -0.62106528E+01  -0.56706601E-03   0.39921820E-03
  4733  -0.62106531E+01  -0.56694628E-03   0.39913386E-03
  4734  -0.62106534E+01  -0.56682659E-03   0.39904955E-03
  4735  -0.62106536E+01  -0.56670696E-03   0.39896527E-03
  4736  -0.62106539E+01  -0.56658738E-03   0.39888103E-03
  4737  -0.62106542E+01  -0.56646784E-03   0.39879683E-03
  4738  -0.62106545E+01  -0.56634836E-03   0.39871266E-03
  4739  -0.62106547E+01  -0.56622893E-03   0.39862853E-03
  4740  -0.62106550E+01  -0.56610955E-03   0.39854444E-03
  4741  -0.62106553E+01  -0.56599021E-03   0.39846037E-03
  4742  -0.62106556E+01  -0.56587093E-03   0.39837635E-03
  4743  -0.62106558E+01  -0.56575170E-03   0.39829236E-03
  4744  -0.62106561E+01  -0.56563252E-03   0.39820840E-03
  4745  -0.62106564E+01  -0.56551339E-03   0.39812449E-03
  4746  -0.62106567E+01  -0.56539431E-03   0.39804060E-03
  4747  -0.62106569E+01  -0.56527528E-03   0.39795675E-03
  4748  -0.62106572E+01  -0.56515630E-03   0.39787294E-03
  4749  -0.62106575E+01  -0.56503737E-03   0.39778916E-03
  4750  -0.62106578E+01  -0.56491849E-03   0.39770542E-03
  4751  -0.62106580E+01  -0.56479966E-03   0.39762171E-03
  4752  -0.62106583E+01  -0.56468088E-03   0.39753804E-03
  4753  -0.62106586E+01  -0.56456215E-03   0.39745440E-03
  4754  -0.62106588E+01  -0.56444347E-03   0.39737080E-03
  4755  -0.62106591E+01  -0.56432484E-03   0.39728723E-03
  4756  -0.62106594E+01  -0.56420626E-03   0.39720370E-03
  4757  -0.62106597E+01  -0.56408773E-03   0.39712021E-03
  4758  -0.62106599E+01  -0.56396925E-03   0.39703674E-03
  4759  -0.62106602E+01  -0.56385081E-03   0.39695332E-03
  4760  -0.62106605E+01  -0.56373243E-03   0.39686993E-03
  4761  -0.62106608E+01  -0.56361410E-03   0.39678657E-03
  4762  -0.62106610E+01  -0.56349582E-03   0.39670325E-03
  4763  -0.62106613E+01  -0.56337759E-03   0.39661996E-03
  4764  -0.62106616E+01  -0.56325940E-03   0.39653671E-03
  4765  -0.62106618E+01  -0.56314127E-03   0.39645350E-03
  4766  -0.62106621E+01  -0.56302319E-03   0.39637032E-03
  4767  -0.62106624E+01  -0.56290515E-03   0.39628717E-03
  4768  -0.62106627E+01  -0.56278717E-03   0.39620406E-03
  4769  -0.62106629E+01  -0.56266923E-03   0.39612098E-03
  4770  -0.62106632E+01  -0.56255135E-03   0.39603794E-03
  4771  -0.62106635E+01  -0.56243351E-03   0.39595493E-03
  4772  -0.62106637E+01  -0.56231572E-03   0.39587196E-03
  4773  -0.62106640E+01  -0.56219799E-03   0.39578902E-03
  4774  -0.62106643E+01  -0.56208030E-03   0.39570612E-03
  4775  -0.62106646E+01  -0.56196266E-03   0.39562325E-03
  4776  -0.62106648E+01  -0.56184507E-03   0.39554042E-03
  4777  -0.62106651E+01  -0.56172753E-03   0.39545762E-03
  4778  -0.62106654E+01  -0.56161004E-03   0.39537486E-03
  4779  -0.62106656E+01  -0.56149259E-03   0.39529213E-03
  4780  -0.62106659E+01  -0.56137520E-03   0.39520943E-03
  4781  -0.62106662E+01  -0.56125785E-03   0.39512677E-03
  4782  -0.62106664E+01  -0.56114056E-03   0.39504415E-03
  4783  -0.62106667E+01  -0.56102331E-03   0.39496155E-03
  4784  -0.62106670E+01  -0.56090612E-03   0.39487900E-03
  4785  -0.62106672E+01  -0.56078897E-03   0.39479648E-03
  4786  -0.62106675E+01  -0.56067187E-03   0.39471399E-03
  4787  -0.62106678E+01  -0.56055482E-03   0.39463154E-03
  4788  -0.62106681E+01  -0.56043782E-03   0.39454912E-03
  4789  -0.62106683E+01  -0.56032086E-03   0.39446673E-03
  4790  -0.62106686E+01  -0.56020396E-03   0.39438438E-03
  4791  -0.62106689E+01  -0.56008710E-03   0.39430207E-03
  4792  -0.62106691E+01  -0.55997030E-03   0.39421979E-03
  4793  -0.62106694E+01  -0.55985354E-03   0.39413754E-03
  4794  -0.62106697E+01  -0.55973683E-03   0.39405533E-03
  4795  -0.62106699E+01  -0.55962017E-03   0.39397315E-03
  4796  -0.62106702E+01  -0.55950356E-03   0.39389100E-03
  4797  -0.62106705E+01  -0.55938700E-03   0.39380890E-03
  4798  -0.62106707E+01  -0.55927048E-03   0.39372682E-03
  4799  -0.62106710E+01  -0.55915401E-03   0.39364478E-03
  4800  -0.62106713E+01  -0.55903760E-03   0.39356277E-03
  4801  -0.62106715E+01  -0.55892123E-03   0.39348080E-03
  4802  -0.62106718E+01  -0.55880491E-03   0.39339886E-03
  4803  -0.62106721E+01  -0.55868863E-03   0.39331696E-03
  4804  -0.62106723E+01  -0.55857241E-03   0.39323509E-03
  4805  -0.62106726E+01  -0.55845624E-03   0.39315325E-03
  4806  -0.62106729E+01  -0.55834011E-03   0.39307145E-03
  4807  -0.62106731E+01  -0.55822403E-03   0.39298968E-03
  4808  -0.62106734E+01  -0.55810800E-03   0.39290794E-03
  4809  -0.62106737E+01  -0.55799202E-03   0.39282624E-03
  4810  -0.62106739E+01  -0.55787608E-03   0.39274458E-03
  4811  -0.62106742E+01  -0.55776020E-03   0.39266294E-03
  4812  -0.62106745E+01  -0.55764436E-03   0.39258135E-03
  4813  -0.62106747E+01  -0.55752857E-03   0.39249978E-03
  4814  -0.62106750E+01  -0.55741283E-03   0.39241825E-03
  4815  -0.62106753E+01  -0.55729713E-03   0.39233675E-03
  4816  -0.62106755E+01  -0.55718149E-03   0.39225529E-03
  4817  -0.62106758E+01  -0.55706589E-03   0.39217386E-03
  4818  -0.62106761E+01  -0.55695034E-03   0.39209247E-03
  4819  -0.62106763E+01  -0.55683484E-03   0.39201111E-03
  4820  -0.62106766E+01  -0.55671938E-03   0.39192978E-03
  4821  -0.62106769E+01  -0.55660398E-03   0.39184848E-03
  4822  -0.62106771E+01  -0.55648862E-03   0.39176722E-03
  4823  -0.62106774E+01  -0.55637331E-03   0.39168600E-03
  4824  -0.62106777E+01  -0.55625804E-03   0.39160480E-03
  4825  -0.62106779E+01  -0.55614283E-03   0.39152364E-03
  4826  -0.62106782E+01  -0.55602766E-03   0.39144252E-03
  4827  -0.62106785E+01  -0.55591254E-03   0.39136143E-03
  4828  -0.62106787E+01  -0.55579747E-03   0.39128037E-03
  4829  -0.62106790E+01  -0.55568245E-03   0.39119934E-03
  4830  -0.62106792E+01  -0.55556747E-03   0.39111835E-03
  4831  -0.62106795E+01  -0.55545254E-03   0.39103739E-03
  4832  -0.62106798E+01  -0.55533766E-03   0.39095647E-03
  4833  -0.62106800E+01  -0.55522282E-03   0.39087558E-03
  4834  -0.62106803E+01  -0.55510804E-03   0.39079472E-03
  4835  -0.62106806E+01  -0.55499330E-03   0.39071390E-03
  4836  -0.62106808E+01  -0.55487861E-03   0.39063311E-03
  4837  -0.62106811E+01  -0.55476396E-03   0.39055235E-03
  4838  -0.62106814E+01  -0.55464937E-03   0.39047163E-03
  4839  -0.62106816E+01  -0.55453482E-03   0.39039094E-03
  4840  -0.62106819E+01  -0.55442031E-03   0.39031028E-03
  4841  -0.62106821E+01  -0.55430586E-03   0.39022965E-03
  4842  -0.62106824E+01  -0.55419145E-03   0.39014906E-03
  4843  -0.62106827E+01  -0.55407709E-03   0.39006851E-03
  4844  -0.62106829E+01  -0.55396278E-03   0.38998798E-03
  4845  -0.62106832E+01  -0.55384851E-03   0.38990749E-03
  4846  -0.62106835E+01  -0.55373429E-03   0.38982703E-03
  4847  -0.62106837E+01  -0.55362012E-03   0.38974661E-03
  4848  -0.62106840E+01  -0.55350599E-03   0.38966622E-03
  4849  -0.62106842E+01  -0.55339192E-03   0.38958586E-03
  4850  -0.62106845E+01  -0.55327789E-03   0.38950554E-03
  4851  -0.62106848E+01  -0.55316390E-03   0.38942525E-03
  4852  -0.62106850E+01  -0.55304997E-03   0.38934499E-03
  4853  -0.62106853E+01  -0.55293608E-03   0.38926476E-03
  4854  -0.62106856E+01  -0.55282223E-03   0.38918457E-03
  4855  -0.62106858E+01  -0.55270844E-03   0.38910441E-03
  4856  -0.62106861E+01  -0.55259469E-03   0.38902428E-03
  4857  -0.62106863E+01  -0.55248098E-03   0.38894419E-03
  4858  -0.62106866E+01  -0.55236733E-03   0.38886413E-03
  4859  -0.62106869E+01  -0.55225372E-03   0.38878410E-03
  4860  -0.62106871E+01  -0.55214016E-03   0.38870411E-03
  4861  -0.62106874E+01  -0.55202664E-03   0.38862415E-03
  4862  -0.62106876E+01  -0.55191317E-03   0.38854422E-03
  4863  -0.62106879E+01  -0.55179975E-03   0.38846432E-03
  4864  -0.62106882E+01  -0.55168637E-03   0.38838446E-03
  4865  -0.62106884E+01  -0.55157304E-03   0.38830463E-03
  4866  -0.62106887E+01  -0.55145976E-03   0.38822483E-03
  4867  -0.62106889E+01  -0.55134653E-03   0.38814507E-03
  4868  -0.62106892E+01  -0.55123334E-03   0.38806533E-03
  4869  -0.62106895E+01  -0.55112019E-03   0.38798564E-03
  4870  -0.62106897E+01  -0.55100710E-03   0.38790597E-03
  4871  -0.62106900E+01  -0.55089405E-03   0.38782634E-03
  4872  -0.62106902E+01  -0.55078104E-03   0.38774673E-03
  4873  -0.62106905E+01  -0.55066808E-03   0.38766717E-03
  4874  -0.62106908E+01  -0.55055517E-03   0.38758763E-03
  4875  -0.62106910E+01  -0.55044231E-03   0.38750813E-03
  4876  -0.62106913E+01  -0.55032949E-03   0.38742866E-03
  4877  -0.62106915E+01  -0.55021672E-03   0.38734922E-03
  4878  -0.62106918E+01  -0.55010399E-03   0.38726981E-03
  4879  -0.62106921E+01  -0.54999131E-03   0.38719044E-03
  4880  -0.62106923E+01  -0.54987868E-03   0.38711110E-03
  4881  -0.62106926E+01  -0.54976609E-03   0.38703179E-03
  4882  -0.62106928E+01  -0.54965355E-03   0.38695252E-03
  4883  -0.62106931E+01  -0.54954105E-03   0.38687328E-03
  4884  -0.62106934E+01  -0.54942860E-03   0.38679407E-03
  4885  -0.62106936E+01  -0.54931620E-03   0.38671489E-03
  4886  -0.62106939E+01  -0.54920384E-03   0.38663574E-03
  4887  -0.62106941E+01  -0.54909153E-03   0.38655663E-03
  4888  -0.62106944E+01  -0.54897926E-03   0.38647755E-03
  4889  -0.62106946E+01  -0.54886704E-03   0.38639850E-03
  4890  -0.62106949E+01  -0.54875487E-03   0.38631949E-03
  4891  -0.62106952E+01  -0.54864274E-03   0.38624050E-03
  4892  -0.62106954E+01  -0.54853066E-03   0.38616155E-03
  4893  -0.62106957E+01  -0.54841862E-03   0.38608263E-03
  4894  -0.62106959E+01  -0.54830663E-03   0.38600374E-03
  4895  -0.62106962E+01  -0.54819469E-03   0.38592489E-03
  4896  -0.62106964E+01  -0.54808279E-03   0.38584607E-03
  4897  -0.62106967E+01  -0.54797094E-03   0.38576728E-03
  4898  -0.62106970E+01  -0.54785913E-03   0.38568852E-03
  4899  -0.62106972E+01  -0.54774736E-03   0.38560979E-03
  4900  -0.62106975E+01  -0.54763565E-03   0.38553110E-03
  4901  -0.62106977E+01  -0.54752398E-03   0.38545244E-03
  4902  -0.62106980E+01  -0.54741235E-03   0.38537381E-03
  4903  -0.62106982E+01  -0.54730077E-03   0.38529521E-03
  4904  -0.62106985E+01  -0.54718924E-03   0.38521665E-03
  4905  -0.62106988E+01  -0.54707775E-03   0.38513811E-03
  4906  -0.62106990E+01  -0.54696630E-03   0.38505961E-03
  4907  -0.62106993E+01  -0.54685490E-03   0.38498114E-03
  4908  -0.62106995E+01  -0.54674355E-03   0.38490271E-03
  4909  -0.62106998E+01  -0.54663224E-03   0.38482430E-03
  4910  -0.62107000E+01  -0.54652098E-03   0.38474593E-03
  4911  -0.62107003E+01  -0.54640976E-03   0.38466758E-03
  4912  -0.62107005E+01  -0.54629859E-03   0.38458927E-03
  4913  -0.62107008E+01  -0.54618747E-03   0.38451100E-03
  4914  -0.62107011E+01  -0.54607638E-03   0.38443275E-03
  4915  -0.62107013E+01  -0.54596535E-03   0.38435454E-03
  4916  -0.62107016E+01  -0.54585436E-03   0.38427635E-03
  4917  -0.62107018E+01  -0.54574341E-03   0.38419820E-03
  4918  -0.62107021E+01  -0.54563251E-03   0.38412009E-03
  4919  -0.62107023E+01  -0.54552165E-03   0.38404200E-03
  4920  -0.62107026E+01  -0.54541084E-03   0.38396394E-03
  4921  -0.62107028E+01  -0.54530008E-03   0.38388592E-03
  4922  -0.62107031E+01  -0.54518936E-03   0.38380793E-03
  4923  -0.62107033E+01  -0.54507868E-03   0.38372997E-03
  4924  -0.62107036E+01  -0.54496805E-03   0.38365204E-03
  4925  -0.62107039E+01  -0.54485746E-03   0.38357414E-03
  4926  -0.62107041E+01  -0.54474692E-03   0.38349628E-03
  4927  -0.62107044E+01  -0.54463643E-03   0.38341844E-03
  4928  -0.62107046E+01  -0.54452597E-03   0.38334064E-03
  4929  -0.62107049E+01  -0.54441557E-03   0.38326287E-03
  4930  -0.62107051E+01  -0.54430521E-03   0.38318513E-03
  4931  -0.62107054E+01  -0.54419489E-03   0.38310743E-03
  4932  -0.62107056E+01  -0.54408462E-03   0.38302975E-03
  4933  -0.62107059E+01  -0.54397439E-03   0.38295211E-03
  4934  -0.62107061E+01  -0.54386421E-03   0.38287449E-03
  4935  -0.62107064E+01  -0.54375407E-03   0.38279691E-03
  4936  -0.62107066E+01  -0.54364397E-03   0.38271936E-03
  4937  -0.62107069E+01  -0.54353392E-03   0.38264184E-03
  4938  -0.62107071E+01  -0.54342392E-03   0.38256436E-03
  4939  -0.62107074E+01  -0.54331396E-03   0.38248690E-03
  4940  -0.62107076E+01  -0.54320404E-03   0.38240948E-03
  4941  -0.62107079E+01  -0.54309417E-03   0.38233208E-03
  4942  -0.62107082E+01  -0.54298434E-03   0.38225472E-03
  4943  -0.62107084E+01  -0.54287456E-03   0.38217739E-03
  4944  -0.62107087E+01  -0.54276482E-03   0.38210009E-03
  4945  -0.62107089E+01  -0.54265513E-03   0.38202282E-03
  4946  -0.62107092E+01  -0.54254548E-03   0.38194559E-03
  4947  -0.62107094E+01  -0.54243588E-03   0.38186838E-03
  4948  -0.62107097E+01  -0.54232631E-03   0.38179121E-03
  4949  -0.62107099E+01  -0.54221680E-03   0.38171406E-03
  4950  -0.62107102E+01  -0.54210733E-03   0.38163695E-03
  4951  -0.62107104E+01  -0.54199790E-03   0.38155987E-03
  4952  -0.62107107E+01  -0.54188851E-03   0.38148282E-03
  4953  -0.62107109E+01  -0.54177917E-03   0.38140580E-03
  4954  -0.62107112E+01  -0.54166988E-03   0.38132882E-03
  4955  -0.62107114E+01  -0.54156063E-03   0.38125186E-03
  4956  -0.62107117E+01  -0.54145142E-03   0.38117494E-03
  4957  -0.62107119E+01  -0.54134225E-03   0.38109804E-03
  4958  -0.62107122E+01  -0.54123313E-03   0.38102118E-03
  4959  -0.62107124E+01  -0.54112406E-03   0.38094435E-03
  4960  -0.62107127E+01  -0.54101503E-03   0.38086754E-03
  4961  -0.62107129E+01  -0.54090604E-03   0.38079077E-03
  4962  -0.62107132E+01  -0.54079710E-03   0.38071403E-03
  4963  -0.62107134E+01  -0.54068820E-03   0.38063733E-03
  4964  -0.62107137E+01  -0.54057934E-03   0.38056065E-03
  4965  -0.62107139E+01  -0.54047053E-03   0.38048400E-03
  4966  -0.62107142E+01  -0.54036176E-03   0.38040739E-03
  4967  -0.62107144E+01  -0.54025303E-03   0.38033080E-03
  4968  -0.62107147E+01  -0.54014435E-03   0.38025425E-03
  4969  -0.62107149E+01  -0.54003572E-03   0.38017772E-03
  4970  -0.62107152E+01  -0.53992712E-03   0.38010123E-03
  4971  -0.62107154E+01  -0.53981857E-03   0.38002477E-03
  4972  -0.62107157E+01  -0.53971007E-03   0.37994834E-03
  4973  -0.62107159E+01  -0.53960160E-03   0.37987194E-03
  4974  -0.62107162E+01  -0.53949318E-03   0.37979557E-03
  4975  -0.62107164E+01  -0.53938481E-03   0.37971923E-03
  4976  -0.62107167E+01  -0.53927648E-03   0.37964292E-03
  4977  -0.62107169E+01  -0.53916819E-03   0.37956665E-03
  4978  -0.62107172E+01  -0.53905994E-03   0.37949040E-03
  4979  -0.62107174E+01  -0.53895174E-03   0.37941418E-03
  4980  -0.62107177E+01  -0.53884358E-03   0.37933800E-03
  4981  -0.62107179E+01  -0.53873547E-03   0.37926184E-03
  4982  -0.62107182E+01  -0.53862740E-03   0.37918572E-03
  4983  -0.62107184E+01  -0.53851937E-03   0.37910962E-03
  4984  -0.62107187E+01  -0.53841139E-03   0.37903356E-03
  4985  -0.62107189E+01  -0.53830344E-03   0.37895753E-03
  4986  -0.62107192E+01  -0.53819555E-03   0.37888153E-03
  4987  -0.62107194E+01  -0.53808769E-03   0.37880555E-03
  4988  -0.62107196E+01  -0.53797988E-03   0.37872961E-03
  4989  -0.62107199E+01  -0.53787211E-03   0.37865370E-03
  4990  -0.62107201E+01  -0.53776439E-03   0.37857782E-03
  4991  -0.62107204E+01  -0.53765670E-03   0.37850197E-03
  4992  -0.62107206E+01  -0.53754906E-03   0.37842615E-03
  4993  -0.62107209E+01  -0.53744147E-03   0.37835036E-03
  4994  -0.62107211E+01  -0.53733392E-03   0.37827460E-03
  4995  -0.62107214E+01  -0.53722641E-03   0.37819887E-03
  4996  -0.62107216E+01  -0.53711894E-03   0.37812318E-03
  4997  -0.62107219E+01  -0.53701152E-03   0.37804751E-03
  4998  -0.62107221E+01  -0.53690414E-03   0.37797187E-03
  4999  -0.62107224E+01  -0.53679680E-03   0.37789626E-03
  5000  -0.62107226E+01  -0.53668950E-03   0.37782069E-03
